ISO-10303-21;
HEADER;
/* Generated by software containing ST-Developer
 * from STEP Tools, Inc. (www.steptools.com) 
 */
/* OPTION: using custom renumber hook */

FILE_DESCRIPTION(
/* description */ ('STEP AP242 Edition 2',
'CAx-IF Rec.Pracs.---Representation and Presentation of Product Manufa
cturing Information (PMI)---4.0---2014-10-13',
'CAx-IF Rec.Pracs.---3D Tessellated Geometry---0.4---2014-09-14','2;1',
'CAx-IF Rec.Pracs.---User Defined Attributes---1.5---2016-08-15'),
/* implementation_level */ '2;1');

FILE_NAME(
/* name */ 'Eye - Open CASCADE STEP translator 7.5 1.1',
/* time_stamp */ '2026-08-05T23:52:12Z',
/* author */ (''),
/* organization */ (''),
/* preprocessor_version */ 'ST-DEVELOPER v20',
/* originating_system */ 'ONSHAPE BY PTC INC, 1.218',
/* authorisation */ '  ');

FILE_SCHEMA (('AP242_MANAGED_MODEL_BASED_3D_ENGINEERING_MIM_LF { 1 0 10303 442 3 1 4 }'));
ENDSEC;

DATA;
#10=SHAPE_REPRESENTATION_RELATIONSHIP('','',#103,#11);
#11=MANIFOLD_SURFACE_SHAPE_REPRESENTATION('',(#101),#1175);
#12=TOROIDAL_SURFACE('',#105,5.365346523515,0.618288992483);
#13=ORIENTED_EDGE('',*,*,#37,.F.);
#14=ORIENTED_EDGE('',*,*,#38,.T.);
#15=ORIENTED_EDGE('',*,*,#39,.F.);
#16=ORIENTED_EDGE('',*,*,#40,.F.);
#17=ORIENTED_EDGE('',*,*,#41,.F.);
#18=ORIENTED_EDGE('',*,*,#42,.T.);
#19=ORIENTED_EDGE('',*,*,#43,.F.);
#20=ORIENTED_EDGE('',*,*,#44,.F.);
#21=ORIENTED_EDGE('',*,*,#44,.T.);
#22=ORIENTED_EDGE('',*,*,#43,.T.);
#23=ORIENTED_EDGE('',*,*,#45,.T.);
#24=ORIENTED_EDGE('',*,*,#46,.T.);
#25=ORIENTED_EDGE('',*,*,#40,.T.);
#26=ORIENTED_EDGE('',*,*,#47,.T.);
#27=ORIENTED_EDGE('',*,*,#48,.T.);
#28=ORIENTED_EDGE('',*,*,#37,.T.);
#29=ORIENTED_EDGE('',*,*,#42,.F.);
#30=ORIENTED_EDGE('',*,*,#41,.T.);
#31=ORIENTED_EDGE('',*,*,#46,.F.);
#32=ORIENTED_EDGE('',*,*,#45,.F.);
#33=ORIENTED_EDGE('',*,*,#38,.F.);
#34=ORIENTED_EDGE('',*,*,#48,.F.);
#35=ORIENTED_EDGE('',*,*,#47,.F.);
#36=ORIENTED_EDGE('',*,*,#39,.T.);
#37=EDGE_CURVE('',#49,#50,#59,.T.);
#38=EDGE_CURVE('',#49,#51,#60,.T.);
#39=EDGE_CURVE('',#52,#51,#61,.F.);
#40=EDGE_CURVE('',#50,#52,#62,.T.);
#41=EDGE_CURVE('',#53,#54,#63,.F.);
#42=EDGE_CURVE('',#53,#55,#64,.T.);
#43=EDGE_CURVE('',#56,#55,#65,.T.);
#44=EDGE_CURVE('',#54,#56,#66,.T.);
#45=EDGE_CURVE('',#55,#57,#67,.T.);
#46=EDGE_CURVE('',#57,#54,#68,.T.);
#47=EDGE_CURVE('',#52,#58,#69,.T.);
#48=EDGE_CURVE('',#58,#49,#70,.T.);
#49=VERTEX_POINT('',#306);
#50=VERTEX_POINT('',#307);
#51=VERTEX_POINT('',#352);
#52=VERTEX_POINT('',#397);
#53=VERTEX_POINT('',#647);
#54=VERTEX_POINT('',#648);
#55=VERTEX_POINT('',#695);
#56=VERTEX_POINT('',#715);
#57=VERTEX_POINT('',#755);
#58=VERTEX_POINT('',#794);
#59=B_SPLINE_CURVE_WITH_KNOTS('',3,(#287,#288,#289,#290,#291,#292,#293,
#294,#295,#296,#297,#298,#299,#300,#301,#302,#303,#304,#305),
 .UNSPECIFIED.,.F.,.F.,(4,1,1,1,1,1,1,1,1,1,1,1,1,1,1,1,4),(1.57079632679539,
1.66897109722005,1.76714586764472,1.86532063806938,1.96349540849404,2.06167017891871,
2.15984494934337,2.25801971976803,2.35619449019269,2.45436926061736,2.55254403104202,
2.65071880146668,2.74889357189135,2.84706834231601,2.94524311274067,3.04341788316534,
3.14159265359),.UNSPECIFIED.);
#60=B_SPLINE_CURVE_WITH_KNOTS('',3,(#308,#309,#310,#311,#312,#313,#314,
#315,#316,#317,#318,#319,#320,#321,#322,#323,#324,#325,#326,#327,#328,#329,
#330,#331,#332,#333,#334,#335,#336,#337,#338,#339,#340,#341,#342,#343,#344,
#345,#346,#347,#348,#349,#350,#351),.UNSPECIFIED.,.F.,.F.,(4,1,1,1,1,1,
1,1,1,1,1,1,1,1,1,1,1,1,1,1,1,1,1,1,1,1,1,1,1,1,1,1,1,1,1,1,1,1,1,1,1,4),
(0.,0.125,0.25,0.3125,0.375,0.4375,0.5,0.5625,0.59375,0.625,0.640625,0.6484375,
0.65625,0.6875,0.71875,0.75,0.78125,0.8125,0.84375,0.875,0.890625,0.90625,
0.921875,0.9296875,0.9375,0.9453125,0.953125,0.9609375,0.96875,0.9765625,
0.98046875,0.984375,0.98828125,0.9921875,0.994140625,0.99609375,0.9970703125,
0.998046875,0.9990234375,0.99951171875,0.999755859375,1.),.UNSPECIFIED.);
#61=B_SPLINE_CURVE_WITH_KNOTS('',3,(#353,#354,#355,#356,#357,#358,#359,
#360,#361,#362,#363,#364,#365,#366,#367,#368,#369,#370,#371,#372,#373,#374,
#375,#376,#377,#378,#379,#380,#381,#382,#383,#384,#385,#386,#387,#388,#389,
#390,#391,#392,#393,#394,#395,#396),.UNSPECIFIED.,.F.,.F.,(4,1,1,1,1,1,
1,1,1,1,1,1,1,1,1,1,1,1,1,1,1,1,1,1,1,1,1,1,1,1,1,1,1,1,1,1,1,1,1,1,1,4),
(0.,0.000244140625,0.00048828125,0.0009765625,0.001953125,0.0029296875,
0.00390625,0.005859375,0.0078125,0.01171875,0.015625,0.01953125,0.0234375,
0.03125,0.0390625,0.046875,0.0546875,0.0625,0.0703125,0.078125,0.09375,
0.109375,0.125,0.15625,0.1875,0.21875,0.25,0.28125,0.3125,0.34375,0.3515625,
0.359375,0.375,0.40625,0.4375,0.5,0.5625,0.625,0.6875,0.75,0.875,1.),
 .UNSPECIFIED.);
#62=B_SPLINE_CURVE_WITH_KNOTS('',3,(#398,#399,#400,#401,#402,#403,#404,
#405,#406,#407,#408,#409,#410,#411,#412,#413,#414,#415,#416),
 .UNSPECIFIED.,.F.,.F.,(4,1,1,1,1,1,1,1,1,1,1,1,1,1,1,1,4),(3.14159265359,
3.23976742401471,3.33794219443942,3.43611696486414,3.53429173528885,3.63246650571356,
3.73064127613827,3.82881604656298,3.9269908169877,4.02516558741241,4.12334035783712,
4.22151512826183,4.31968989868654,4.41786466911125,4.51603943953597,4.61421420996068,
4.71238898038539),.UNSPECIFIED.);
#63=B_SPLINE_CURVE_WITH_KNOTS('',3,(#601,#602,#603,#604,#605,#606,#607,
#608,#609,#610,#611,#612,#613,#614,#615,#616,#617,#618,#619,#620,#621,#622,
#623,#624,#625,#626,#627,#628,#629,#630,#631,#632,#633,#634,#635,#636,#637,
#638,#639,#640,#641,#642,#643,#644,#645,#646),.UNSPECIFIED.,.F.,.F.,(4,
1,1,1,1,1,1,1,1,1,1,1,1,1,1,1,1,1,1,1,1,1,1,1,1,1,1,1,1,1,1,1,1,1,1,1,1,
1,1,1,1,1,1,4),(0.,0.125,0.1875,0.25,0.3125,0.375,0.40625,0.4375,0.46875,
0.484375,0.5,0.53125,0.5625,0.625,0.65625,0.6875,0.71875,0.75,0.765625,
0.78125,0.796875,0.8046875,0.8125,0.828125,0.84375,0.859375,0.875,0.890625,
0.90625,0.921875,0.9375,0.953125,0.9609375,0.96875,0.9765625,0.984375,0.98828125,
0.9921875,0.994140625,0.99609375,0.998046875,0.9990234375,0.99951171875,
1.),.UNSPECIFIED.);
#64=B_SPLINE_CURVE_WITH_KNOTS('',3,(#649,#650,#651,#652,#653,#654,#655,
#656,#657,#658,#659,#660,#661,#662,#663,#664,#665,#666,#667,#668,#669,#670,
#671,#672,#673,#674,#675,#676,#677,#678,#679,#680,#681,#682,#683,#684,#685,
#686,#687,#688,#689,#690,#691,#692,#693,#694),.UNSPECIFIED.,.F.,.F.,(4,
1,1,1,1,1,1,1,1,1,1,1,1,1,1,1,1,1,1,1,1,1,1,1,1,1,1,1,1,1,1,1,1,1,1,1,1,
1,1,1,1,1,1,4),(0.,0.00048828125,0.0009765625,0.001953125,0.00390625,0.005859375,
0.0078125,0.01171875,0.015625,0.0234375,0.03125,0.0390625,0.046875,0.0625,
0.078125,0.09375,0.109375,0.125,0.140625,0.15625,0.171875,0.1875,0.1953125,
0.203125,0.21875,0.234375,0.25,0.28125,0.3125,0.34375,0.375,0.4375,0.46875,
0.5,0.515625,0.53125,0.5625,0.59375,0.625,0.6875,0.75,0.8125,0.875,1.),
 .UNSPECIFIED.);
#65=B_SPLINE_CURVE_WITH_KNOTS('',3,(#696,#697,#698,#699,#700,#701,#702,
#703,#704,#705,#706,#707,#708,#709,#710,#711,#712,#713,#714),
 .UNSPECIFIED.,.F.,.F.,(4,1,1,1,1,1,1,1,1,1,1,1,1,1,1,1,4),(3.14159265359,
3.23976742401469,3.33794219443937,3.43611696486406,3.53429173528875,3.63246650571344,
3.73064127613813,3.82881604656281,3.9269908169875,4.02516558741219,4.12334035783687,
4.22151512826156,4.31968989868625,4.41786466911094,4.51603943953562,4.61421420996031,
4.712388980385),.UNSPECIFIED.);
#66=B_SPLINE_CURVE_WITH_KNOTS('',3,(#716,#717,#718,#719,#720,#721,#722,
#723,#724,#725,#726,#727,#728,#729,#730,#731,#732,#733,#734),
 .UNSPECIFIED.,.F.,.F.,(4,1,1,1,1,1,1,1,1,1,1,1,1,1,1,1,4),(1.570796326795,
1.66897109721969,1.76714586764438,1.86532063806906,1.96349540849375,2.06167017891844,
2.15984494934313,2.25801971976781,2.3561944901925,2.45436926061719,2.55254403104187,
2.65071880146656,2.74889357189125,2.84706834231594,2.94524311274063,3.04341788316531,
3.14159265359),.UNSPECIFIED.);
#67=B_SPLINE_CURVE_WITH_KNOTS('',3,(#736,#737,#738,#739,#740,#741,#742,
#743,#744,#745,#746,#747,#748,#749,#750,#751,#752,#753,#754),
 .UNSPECIFIED.,.F.,.F.,(4,1,1,1,1,1,1,1,1,1,1,1,1,1,1,1,4),(270.,275.625,
281.25,286.875,292.5,298.125,303.75,309.375,315.,320.625,326.25,331.875,
337.5,343.125,348.75,354.375,360.),.UNSPECIFIED.);
#68=B_SPLINE_CURVE_WITH_KNOTS('',3,(#756,#757,#758,#759,#760,#761,#762,
#763,#764,#765,#766,#767,#768,#769,#770,#771,#772,#773,#774),
 .UNSPECIFIED.,.F.,.F.,(4,1,1,1,1,1,1,1,1,1,1,1,1,1,1,1,4),(0.,5.625,11.25,
16.875,22.5,28.125,33.75,39.375,45.,50.625,56.25,61.875,67.5,73.125,78.75,
84.375,90.),.UNSPECIFIED.);
#69=B_SPLINE_CURVE_WITH_KNOTS('',3,(#775,#776,#777,#778,#779,#780,#781,
#782,#783,#784,#785,#786,#787,#788,#789,#790,#791,#792,#793),
 .UNSPECIFIED.,.F.,.F.,(4,1,1,1,1,1,1,1,1,1,1,1,1,1,1,1,4),(270.000000000023,
275.625000000021,281.25000000002,286.875000000018,292.500000000017,298.125000000015,
303.750000000014,309.375000000013,315.000000000011,320.62500000001,326.250000000008,
331.875000000007,337.500000000006,343.125000000004,348.750000000003,354.375000000001,
360.),.UNSPECIFIED.);
#70=B_SPLINE_CURVE_WITH_KNOTS('',3,(#795,#796,#797,#798,#799,#800,#801,
#802,#803,#804,#805,#806,#807,#808,#809,#810,#811,#812,#813),
 .UNSPECIFIED.,.F.,.F.,(4,1,1,1,1,1,1,1,1,1,1,1,1,1,1,1,4),(0.,5.625,11.25,
16.875,22.5,28.125,33.75,39.375,45.,50.625,56.25,61.875,67.5,73.125,78.75,
84.375,90.),.UNSPECIFIED.);
#71=EDGE_LOOP('',(#13,#14,#15,#16));
#72=EDGE_LOOP('',(#17,#18,#19,#20));
#73=EDGE_LOOP('',(#21,#22,#23,#24));
#74=EDGE_LOOP('',(#25,#26,#27,#28));
#75=EDGE_LOOP('',(#29,#30,#31,#32));
#76=EDGE_LOOP('',(#33,#34,#35,#36));
#77=FACE_BOUND('',#71,.T.);
#78=FACE_BOUND('',#72,.T.);
#79=FACE_BOUND('',#73,.T.);
#80=FACE_BOUND('',#74,.T.);
#81=FACE_BOUND('',#75,.T.);
#82=FACE_BOUND('',#76,.T.);
#83=(
BOUNDED_SURFACE()
B_SPLINE_SURFACE(3,3,((#111,#112,#113,#114),(#115,#116,#117,#118),(#119,
#120,#121,#122),(#123,#124,#125,#126),(#127,#128,#129,#130),(#131,#132,
#133,#134),(#135,#136,#137,#138),(#139,#140,#141,#142),(#143,#144,#145,
#146),(#147,#148,#149,#150),(#151,#152,#153,#154),(#155,#156,#157,#158),
(#159,#160,#161,#162),(#163,#164,#165,#166),(#167,#168,#169,#170),(#171,
#172,#173,#174),(#175,#176,#177,#178),(#179,#180,#181,#182),(#183,#184,
#185,#186),(#187,#188,#189,#190),(#191,#192,#193,#194),(#195,#196,#197,
#198),(#199,#200,#201,#202),(#203,#204,#205,#206),(#207,#208,#209,#210),
(#211,#212,#213,#214),(#215,#216,#217,#218),(#219,#220,#221,#222),(#223,
#224,#225,#226),(#227,#228,#229,#230),(#231,#232,#233,#234),(#235,#236,
#237,#238),(#239,#240,#241,#242),(#243,#244,#245,#246),(#247,#248,#249,
#250),(#251,#252,#253,#254),(#255,#256,#257,#258),(#259,#260,#261,#262),
(#263,#264,#265,#266),(#267,#268,#269,#270),(#271,#272,#273,#274),(#275,
#276,#277,#278),(#279,#280,#281,#282),(#283,#284,#285,#286)),
 .SURF_OF_REVOLUTION.,.F.,.F.,.F.)
B_SPLINE_SURFACE_WITH_KNOTS((4,1,1,1,1,1,1,1,1,1,1,1,1,1,1,1,1,1,1,1,1,
1,1,1,1,1,1,1,1,1,1,1,1,1,1,1,1,1,1,1,1,4),(4,4),(-2.4816332300935E-11,
0.835012127794069,1.67002425561296,2.0875303195224,2.50503638343184,2.92254244734128,
3.34004851125073,3.75755457516017,3.96630760711489,4.17506063906961,4.27943715504697,
4.33162541303565,4.38381367102433,4.59256670297906,4.80131973493378,5.0100727668885,
5.21882579884322,5.42757883079794,5.63633186275266,5.84508489470738,5.94946141068474,
6.0538379266621,6.15821444263947,6.21040270062815,6.26259095861683,6.31477921660551,
6.36696747459419,6.41915573258287,6.47134399057155,6.52353224856023,6.54962637755457,
6.57572050654891,6.60181463554325,6.62790876453759,6.64095582903476,6.65400289353193,
6.66052642578051,6.6670499580291,6.67357349027768,6.67683525640198,6.67846613946412,
6.68009702252627),(0.,1.),.UNSPECIFIED.)
GEOMETRIC_REPRESENTATION_ITEM()
RATIONAL_B_SPLINE_SURFACE(((1.,0.333333333333329,0.333333333333329,1.),
(1.,0.333333333333329,0.333333333333329,1.),(1.,0.333333333333329,0.333333333333329,
1.),(1.,0.333333333333329,0.333333333333329,1.),(1.,0.333333333333329,0.333333333333329,
1.),(1.,0.333333333333329,0.333333333333329,1.),(1.,0.333333333333329,0.333333333333329,
1.),(1.,0.333333333333329,0.333333333333329,1.),(1.,0.333333333333329,0.333333333333329,
1.),(1.,0.333333333333329,0.333333333333329,1.),(1.,0.333333333333329,0.333333333333329,
1.),(1.,0.333333333333329,0.333333333333329,1.),(1.,0.333333333333329,0.333333333333329,
1.),(1.,0.333333333333329,0.333333333333329,1.),(1.,0.333333333333329,0.333333333333329,
1.),(1.,0.333333333333329,0.333333333333329,1.),(1.,0.333333333333329,0.333333333333329,
1.),(1.,0.333333333333329,0.333333333333329,1.),(1.,0.333333333333329,0.333333333333329,
1.),(1.,0.333333333333329,0.333333333333329,1.),(1.,0.333333333333329,0.333333333333329,
1.),(1.,0.333333333333329,0.333333333333329,1.),(1.,0.333333333333329,0.333333333333329,
1.),(1.,0.333333333333329,0.333333333333329,1.),(1.,0.333333333333329,0.333333333333329,
1.),(1.,0.333333333333329,0.333333333333329,1.),(1.,0.333333333333329,0.333333333333329,
1.),(1.,0.333333333333329,0.333333333333329,1.),(1.,0.333333333333329,0.333333333333329,
1.),(1.,0.333333333333329,0.333333333333329,1.),(1.,0.333333333333329,0.333333333333329,
1.),(1.,0.333333333333329,0.333333333333329,1.),(1.,0.333333333333329,0.333333333333329,
1.),(1.,0.333333333333329,0.333333333333329,1.),(1.,0.333333333333329,0.333333333333329,
1.),(1.,0.333333333333329,0.333333333333329,1.),(1.,0.333333333333329,0.333333333333329,
1.),(1.,0.333333333333329,0.333333333333329,1.),(1.,0.333333333333329,0.333333333333329,
1.),(1.,0.333333333333329,0.333333333333329,1.),(1.,0.333333333333329,0.333333333333329,
1.),(1.,0.333333333333329,0.333333333333329,1.),(1.,0.333333333333329,0.333333333333329,
1.),(1.,0.333333333333329,0.333333333333329,1.)))
REPRESENTATION_ITEM('')
SURFACE()
);
#84=(
BOUNDED_SURFACE()
B_SPLINE_SURFACE(3,3,((#417,#418,#419,#420),(#421,#422,#423,#424),(#425,
#426,#427,#428),(#429,#430,#431,#432),(#433,#434,#435,#436),(#437,#438,
#439,#440),(#441,#442,#443,#444),(#445,#446,#447,#448),(#449,#450,#451,
#452),(#453,#454,#455,#456),(#457,#458,#459,#460),(#461,#462,#463,#464),
(#465,#466,#467,#468),(#469,#470,#471,#472),(#473,#474,#475,#476),(#477,
#478,#479,#480),(#481,#482,#483,#484),(#485,#486,#487,#488),(#489,#490,
#491,#492),(#493,#494,#495,#496),(#497,#498,#499,#500),(#501,#502,#503,
#504),(#505,#506,#507,#508),(#509,#510,#511,#512),(#513,#514,#515,#516),
(#517,#518,#519,#520),(#521,#522,#523,#524),(#525,#526,#527,#528),(#529,
#530,#531,#532),(#533,#534,#535,#536),(#537,#538,#539,#540),(#541,#542,
#543,#544),(#545,#546,#547,#548),(#549,#550,#551,#552),(#553,#554,#555,
#556),(#557,#558,#559,#560),(#561,#562,#563,#564),(#565,#566,#567,#568),
(#569,#570,#571,#572),(#573,#574,#575,#576),(#577,#578,#579,#580),(#581,
#582,#583,#584),(#585,#586,#587,#588),(#589,#590,#591,#592),(#593,#594,
#595,#596),(#597,#598,#599,#600)),.SURF_OF_REVOLUTION.,.F.,.F.,.F.)
B_SPLINE_SURFACE_WITH_KNOTS((4,1,1,1,1,1,1,1,1,1,1,1,1,1,1,1,1,1,1,1,1,
1,1,1,1,1,1,1,1,1,1,1,1,1,1,1,1,1,1,1,1,1,1,4),(4,4),(-1.72564724772629E-11,
0.777761816890636,1.16664272534458,1.55552363379853,1.94440454225247,2.33328545070642,
2.52772590493339,2.72216635916037,2.91660681338734,3.01382704050082,3.11104726761431,
3.30548772184128,3.49992817606826,3.8888090845222,4.08324953874918,4.27768999297615,
4.47213044720312,4.6665709014301,4.76379112854358,4.86101135565707,4.95823158277056,
5.0068416963273,5.05545180988404,5.15267203699753,5.24989226411101,5.3471124912245,
5.44433271833799,5.54155294545147,5.63877317256496,5.73599339967845,5.83321362679193,
5.93043385390542,5.97904396746216,6.02765408101891,6.07626419457565,6.12487430813239,
6.14917936491076,6.17348442168914,6.18563695007832,6.19778947846751,6.20994200685669,
6.21601827105129,6.21905640314858,6.22209453524588),(0.,1.),
 .UNSPECIFIED.)
GEOMETRIC_REPRESENTATION_ITEM()
RATIONAL_B_SPLINE_SURFACE(((1.,0.33333333333356,0.33333333333356,1.),(1.,
0.33333333333356,0.33333333333356,1.),(1.,0.33333333333356,0.33333333333356,
1.),(1.,0.33333333333356,0.33333333333356,1.),(1.,0.33333333333356,0.33333333333356,
1.),(1.,0.33333333333356,0.33333333333356,1.),(1.,0.33333333333356,0.33333333333356,
1.),(1.,0.33333333333356,0.33333333333356,1.),(1.,0.33333333333356,0.33333333333356,
1.),(1.,0.33333333333356,0.33333333333356,1.),(1.,0.33333333333356,0.33333333333356,
1.),(1.,0.33333333333356,0.33333333333356,1.),(1.,0.33333333333356,0.33333333333356,
1.),(1.,0.33333333333356,0.33333333333356,1.),(1.,0.33333333333356,0.33333333333356,
1.),(1.,0.33333333333356,0.33333333333356,1.),(1.,0.33333333333356,0.33333333333356,
1.),(1.,0.33333333333356,0.33333333333356,1.),(1.,0.33333333333356,0.33333333333356,
1.),(1.,0.33333333333356,0.33333333333356,1.),(1.,0.33333333333356,0.33333333333356,
1.),(1.,0.33333333333356,0.33333333333356,1.),(1.,0.33333333333356,0.33333333333356,
1.),(1.,0.33333333333356,0.33333333333356,1.),(1.,0.33333333333356,0.33333333333356,
1.),(1.,0.33333333333356,0.33333333333356,1.),(1.,0.33333333333356,0.33333333333356,
1.),(1.,0.33333333333356,0.33333333333356,1.),(1.,0.33333333333356,0.33333333333356,
1.),(1.,0.33333333333356,0.33333333333356,1.),(1.,0.33333333333356,0.33333333333356,
1.),(1.,0.33333333333356,0.33333333333356,1.),(1.,0.33333333333356,0.33333333333356,
1.),(1.,0.33333333333356,0.33333333333356,1.),(1.,0.33333333333356,0.33333333333356,
1.),(1.,0.33333333333356,0.33333333333356,1.),(1.,0.33333333333356,0.33333333333356,
1.),(1.,0.33333333333356,0.33333333333356,1.),(1.,0.33333333333356,0.33333333333356,
1.),(1.,0.33333333333356,0.33333333333356,1.),(1.,0.33333333333356,0.33333333333356,
1.),(1.,0.33333333333356,0.33333333333356,1.),(1.,0.33333333333356,0.33333333333356,
1.),(1.,0.33333333333356,0.33333333333356,1.),(1.,0.33333333333356,0.33333333333356,
1.),(1.,0.33333333333356,0.33333333333356,1.)))
REPRESENTATION_ITEM('')
SURFACE()
);
#85=(
BOUNDED_SURFACE()
B_SPLINE_SURFACE(3,3,((#814,#815,#816,#817),(#818,#819,#820,#821),(#822,
#823,#824,#825),(#826,#827,#828,#829),(#830,#831,#832,#833),(#834,#835,
#836,#837),(#838,#839,#840,#841),(#842,#843,#844,#845),(#846,#847,#848,
#849),(#850,#851,#852,#853),(#854,#855,#856,#857),(#858,#859,#860,#861),
(#862,#863,#864,#865),(#866,#867,#868,#869),(#870,#871,#872,#873),(#874,
#875,#876,#877),(#878,#879,#880,#881),(#882,#883,#884,#885),(#886,#887,
#888,#889),(#890,#891,#892,#893),(#894,#895,#896,#897),(#898,#899,#900,
#901),(#902,#903,#904,#905),(#906,#907,#908,#909),(#910,#911,#912,#913),
(#914,#915,#916,#917),(#918,#919,#920,#921),(#922,#923,#924,#925),(#926,
#927,#928,#929),(#930,#931,#932,#933),(#934,#935,#936,#937),(#938,#939,
#940,#941),(#942,#943,#944,#945),(#946,#947,#948,#949),(#950,#951,#952,
#953),(#954,#955,#956,#957),(#958,#959,#960,#961),(#962,#963,#964,#965),
(#966,#967,#968,#969),(#970,#971,#972,#973),(#974,#975,#976,#977),(#978,
#979,#980,#981),(#982,#983,#984,#985),(#986,#987,#988,#989),(#990,#991,
#992,#993),(#994,#995,#996,#997)),.SURF_OF_REVOLUTION.,.F.,.F.,.F.)
B_SPLINE_SURFACE_WITH_KNOTS((4,1,1,1,1,1,1,1,1,1,1,1,1,1,1,1,1,1,1,1,1,
1,1,1,1,1,1,1,1,1,1,1,1,1,1,1,1,1,1,1,1,1,1,4),(4,4),(-5.92660886378382E-15,
0.777761816905688,1.16664272535854,1.55552363381138,1.94440454226423,2.33328545071708,
2.5277259049435,2.72216635916992,2.91660681339635,3.01382704050956,3.11104726762277,
3.30548772184919,3.49992817607562,3.88880908452847,4.08324953875489,4.27768999298131,
4.47213044720774,4.66657090143416,4.76379112854737,4.86101135566058,4.9582315827738,
5.0068416963304,5.05545180988701,5.15267203700022,5.24989226411343,5.34711249122664,
5.44433271833985,5.54155294545307,5.63877317256628,5.73599339967949,5.8332136267927,
5.93043385390591,5.97904396746252,6.02765408101913,6.07626419457573,6.12487430813234,
6.14917936491064,6.17348442168894,6.18563695007809,6.19778947846725,6.2099420068564,
6.21601827105097,6.21905640314826,6.22209453524555),(0.,1.),
 .UNSPECIFIED.)
GEOMETRIC_REPRESENTATION_ITEM()
RATIONAL_B_SPLINE_SURFACE(((1.,0.333333333333514,0.333333333333514,1.),
(1.,0.333333333333514,0.333333333333514,1.),(1.,0.333333333333514,0.333333333333514,
1.),(1.,0.333333333333514,0.333333333333514,1.),(1.,0.333333333333514,0.333333333333514,
1.),(1.,0.333333333333514,0.333333333333514,1.),(1.,0.333333333333514,0.333333333333514,
1.),(1.,0.333333333333514,0.333333333333514,1.),(1.,0.333333333333514,0.333333333333514,
1.),(1.,0.333333333333514,0.333333333333514,1.),(1.,0.333333333333514,0.333333333333514,
1.),(1.,0.333333333333514,0.333333333333514,1.),(1.,0.333333333333514,0.333333333333514,
1.),(1.,0.333333333333514,0.333333333333514,1.),(1.,0.333333333333514,0.333333333333514,
1.),(1.,0.333333333333514,0.333333333333514,1.),(1.,0.333333333333514,0.333333333333514,
1.),(1.,0.333333333333514,0.333333333333514,1.),(1.,0.333333333333514,0.333333333333514,
1.),(1.,0.333333333333514,0.333333333333514,1.),(1.,0.333333333333514,0.333333333333514,
1.),(1.,0.333333333333514,0.333333333333514,1.),(1.,0.333333333333514,0.333333333333514,
1.),(1.,0.333333333333514,0.333333333333514,1.),(1.,0.333333333333514,0.333333333333514,
1.),(1.,0.333333333333514,0.333333333333514,1.),(1.,0.333333333333514,0.333333333333514,
1.),(1.,0.333333333333514,0.333333333333514,1.),(1.,0.333333333333514,0.333333333333514,
1.),(1.,0.333333333333514,0.333333333333514,1.),(1.,0.333333333333514,0.333333333333514,
1.),(1.,0.333333333333514,0.333333333333514,1.),(1.,0.333333333333514,0.333333333333514,
1.),(1.,0.333333333333514,0.333333333333514,1.),(1.,0.333333333333514,0.333333333333514,
1.),(1.,0.333333333333514,0.333333333333514,1.),(1.,0.333333333333514,0.333333333333514,
1.),(1.,0.333333333333514,0.333333333333514,1.),(1.,0.333333333333514,0.333333333333514,
1.),(1.,0.333333333333514,0.333333333333514,1.),(1.,0.333333333333514,0.333333333333514,
1.),(1.,0.333333333333514,0.333333333333514,1.),(1.,0.333333333333514,0.333333333333514,
1.),(1.,0.333333333333514,0.333333333333514,1.),(1.,0.333333333333514,0.333333333333514,
1.),(1.,0.333333333333514,0.333333333333514,1.)))
REPRESENTATION_ITEM('')
SURFACE()
);
#86=(
BOUNDED_SURFACE()
B_SPLINE_SURFACE(3,3,((#998,#999,#1000,#1001),(#1002,#1003,#1004,#1005),
(#1006,#1007,#1008,#1009),(#1010,#1011,#1012,#1013),(#1014,#1015,#1016,
#1017),(#1018,#1019,#1020,#1021),(#1022,#1023,#1024,#1025),(#1026,#1027,
#1028,#1029),(#1030,#1031,#1032,#1033),(#1034,#1035,#1036,#1037),(#1038,
#1039,#1040,#1041),(#1042,#1043,#1044,#1045),(#1046,#1047,#1048,#1049),
(#1050,#1051,#1052,#1053),(#1054,#1055,#1056,#1057),(#1058,#1059,#1060,
#1061),(#1062,#1063,#1064,#1065),(#1066,#1067,#1068,#1069),(#1070,#1071,
#1072,#1073),(#1074,#1075,#1076,#1077),(#1078,#1079,#1080,#1081),(#1082,
#1083,#1084,#1085),(#1086,#1087,#1088,#1089),(#1090,#1091,#1092,#1093),
(#1094,#1095,#1096,#1097),(#1098,#1099,#1100,#1101),(#1102,#1103,#1104,
#1105),(#1106,#1107,#1108,#1109),(#1110,#1111,#1112,#1113),(#1114,#1115,
#1116,#1117),(#1118,#1119,#1120,#1121),(#1122,#1123,#1124,#1125),(#1126,
#1127,#1128,#1129),(#1130,#1131,#1132,#1133),(#1134,#1135,#1136,#1137),
(#1138,#1139,#1140,#1141),(#1142,#1143,#1144,#1145),(#1146,#1147,#1148,
#1149),(#1150,#1151,#1152,#1153),(#1154,#1155,#1156,#1157),(#1158,#1159,
#1160,#1161),(#1162,#1163,#1164,#1165),(#1166,#1167,#1168,#1169),(#1170,
#1171,#1172,#1173)),.SURF_OF_REVOLUTION.,.F.,.F.,.F.)
B_SPLINE_SURFACE_WITH_KNOTS((4,1,1,1,1,1,1,1,1,1,1,1,1,1,1,1,1,1,1,1,1,
1,1,1,1,1,1,1,1,1,1,1,1,1,1,1,1,1,1,1,1,4),(4,4),(-2.4816332300935E-11,
0.835012127794069,1.67002425561296,2.0875303195224,2.50503638343184,2.92254244734128,
3.34004851125073,3.75755457516017,3.96630760711489,4.17506063906961,4.27943715504697,
4.33162541303565,4.38381367102433,4.59256670297906,4.80131973493378,5.0100727668885,
5.21882579884322,5.42757883079794,5.63633186275266,5.84508489470738,5.94946141068474,
6.0538379266621,6.15821444263947,6.21040270062815,6.26259095861683,6.31477921660551,
6.36696747459419,6.41915573258287,6.47134399057155,6.52353224856023,6.54962637755457,
6.57572050654891,6.60181463554325,6.62790876453759,6.64095582903476,6.65400289353193,
6.66052642578051,6.6670499580291,6.67357349027768,6.67683525640198,6.67846613946412,
6.68009702252627),(0.,1.),.UNSPECIFIED.)
GEOMETRIC_REPRESENTATION_ITEM()
RATIONAL_B_SPLINE_SURFACE(((1.,0.333333333333459,0.333333333333459,1.),
(1.,0.333333333333459,0.333333333333459,1.),(1.,0.333333333333459,0.333333333333459,
1.),(1.,0.333333333333459,0.333333333333459,1.),(1.,0.333333333333459,0.333333333333459,
1.),(1.,0.333333333333459,0.333333333333459,1.),(1.,0.333333333333459,0.333333333333459,
1.),(1.,0.333333333333459,0.333333333333459,1.),(1.,0.333333333333459,0.333333333333459,
1.),(1.,0.333333333333459,0.333333333333459,1.),(1.,0.333333333333459,0.333333333333459,
1.),(1.,0.333333333333459,0.333333333333459,1.),(1.,0.333333333333459,0.333333333333459,
1.),(1.,0.333333333333459,0.333333333333459,1.),(1.,0.333333333333459,0.333333333333459,
1.),(1.,0.333333333333459,0.333333333333459,1.),(1.,0.333333333333459,0.333333333333459,
1.),(1.,0.333333333333459,0.333333333333459,1.),(1.,0.333333333333459,0.333333333333459,
1.),(1.,0.333333333333459,0.333333333333459,1.),(1.,0.333333333333459,0.333333333333459,
1.),(1.,0.333333333333459,0.333333333333459,1.),(1.,0.333333333333459,0.333333333333459,
1.),(1.,0.333333333333459,0.333333333333459,1.),(1.,0.333333333333459,0.333333333333459,
1.),(1.,0.333333333333459,0.333333333333459,1.),(1.,0.333333333333459,0.333333333333459,
1.),(1.,0.333333333333459,0.333333333333459,1.),(1.,0.333333333333459,0.333333333333459,
1.),(1.,0.333333333333459,0.333333333333459,1.),(1.,0.333333333333459,0.333333333333459,
1.),(1.,0.333333333333459,0.333333333333459,1.),(1.,0.333333333333459,0.333333333333459,
1.),(1.,0.333333333333459,0.333333333333459,1.),(1.,0.333333333333459,0.333333333333459,
1.),(1.,0.333333333333459,0.333333333333459,1.),(1.,0.333333333333459,0.333333333333459,
1.),(1.,0.333333333333459,0.333333333333459,1.),(1.,0.333333333333459,0.333333333333459,
1.),(1.,0.333333333333459,0.333333333333459,1.),(1.,0.333333333333459,0.333333333333459,
1.),(1.,0.333333333333459,0.333333333333459,1.),(1.,0.333333333333459,0.333333333333459,
1.),(1.,0.333333333333459,0.333333333333459,1.)))
REPRESENTATION_ITEM('')
SURFACE()
);
#87=ADVANCED_FACE('',(#77),#83,.F.);
#88=ADVANCED_FACE('',(#78),#84,.F.);
#89=ADVANCED_FACE('',(#79,#80),#12,.T.);
#90=ADVANCED_FACE('',(#81),#85,.F.);
#91=ADVANCED_FACE('',(#82),#86,.F.);
#92=CLOSED_SHELL('',(#87,#88,#89,#90,#91));
#93=STYLED_ITEM('',(#94),#101);
#94=PRESENTATION_STYLE_ASSIGNMENT((#95));
#95=SURFACE_STYLE_USAGE(.BOTH.,#96);
#96=SURFACE_SIDE_STYLE('',(#97));
#97=SURFACE_STYLE_FILL_AREA(#98);
#98=FILL_AREA_STYLE('',(#99));
#99=FILL_AREA_STYLE_COLOUR('',#100);
#100=COLOUR_RGB('',0.498039215686275,0.498039215686275,0.498039215686275);
#101=SHELL_BASED_SURFACE_MODEL('Open CASCADE STEP translator 7.5 1.1',(#92));
#102=SHAPE_DEFINITION_REPRESENTATION(#1180,#103);
#103=SHAPE_REPRESENTATION('Open CASCADE STEP translator 7.5 1.1',(#104),
#1175);
#104=AXIS2_PLACEMENT_3D('',#110,#106,#107);
#105=AXIS2_PLACEMENT_3D('',#735,#108,#109);
#106=DIRECTION('',(0.,0.,1.));
#107=DIRECTION('',(1.,0.,0.));
#108=DIRECTION('',(1.,0.,0.));
#109=DIRECTION('',(0.,1.,0.));
#110=CARTESIAN_POINT('',(0.,0.,0.));
#111=CARTESIAN_POINT('',(-10.6892488732539,-1.02868094638612E-14,5.9129657658358));
#112=CARTESIAN_POINT('',(-10.689248873254,11.8259315316718,5.91296576583243));
#113=CARTESIAN_POINT('',(-10.689248873254,11.8259315316684,-5.91296576583938));
#114=CARTESIAN_POINT('',(-10.6892488732539,-3.45442475708413E-12,-5.91296576583586));
#115=CARTESIAN_POINT('',(-10.8692428266768,-7.26467308131254E-14,5.69834920871766));
#116=CARTESIAN_POINT('',(-10.8692428266768,11.3966984174355,5.69834920871442));
#117=CARTESIAN_POINT('',(-10.8692428266768,11.3966984174321,-5.69834920872111));
#118=CARTESIAN_POINT('',(-10.8692428266768,-3.38972476089319E-12,-5.69834920871772));
#119=CARTESIAN_POINT('',(-11.2232971269748,-1.9726577561575E-13,5.26518159133411));
#120=CARTESIAN_POINT('',(-11.2232971269748,10.5303631826682,5.26518159133112));
#121=CARTESIAN_POINT('',(-11.2232971269748,10.5303631826652,-5.2651815913373));
#122=CARTESIAN_POINT('',(-11.2232971269748,-3.26035738109371E-12,-5.26518159133417));
#123=CARTESIAN_POINT('',(-11.6456337812299,-3.61412882175467E-13,4.71030696918773));
#124=CARTESIAN_POINT('',(-11.6456337812299,9.42061393837528,4.71030696918506));
#125=CARTESIAN_POINT('',(-11.6456337812299,9.42061393837255,-4.71030696919058));
#126=CARTESIAN_POINT('',(-11.6456337812299,-3.09004237090931E-12,-4.71030696918779));
#127=CARTESIAN_POINT('',(-11.9677434505293,-4.90856875433632E-13,4.25595725392418));
#128=CARTESIAN_POINT('',(-11.9677434505293,8.51191450784805,4.25595725392177));
#129=CARTESIAN_POINT('',(-11.9677434505293,8.51191450784558,-4.25595725392676));
#130=CARTESIAN_POINT('',(-11.9677434505293,-2.95548295487327E-12,-4.25595725392424));
#131=CARTESIAN_POINT('',(-12.2003861795282,-5.94550441494592E-13,3.90926720241888));
#132=CARTESIAN_POINT('',(-12.2003861795282,7.81853440483733,3.90926720241668));
#133=CARTESIAN_POINT('',(-12.2003861795282,7.81853440483508,-3.90926720242125));
#134=CARTESIAN_POINT('',(-12.2003861795282,-2.84785009330627E-12,-3.90926720241894));
#135=CARTESIAN_POINT('',(-12.4229165896329,-6.93958055672315E-13,3.5558720609686));
#136=CARTESIAN_POINT('',(-12.4229165896329,7.11174412193667,3.5558720609666));
#137=CARTESIAN_POINT('',(-12.4229165896329,7.11174412193462,-3.55587206097076));
#138=CARTESIAN_POINT('',(-12.4229165896329,-2.74438698267335E-12,-3.55587206096866));
#139=CARTESIAN_POINT('',(-12.6339751851299,-7.99493025974275E-13,3.19486907805402));
#140=CARTESIAN_POINT('',(-12.6339751851299,6.38973815610738,3.19486907805222));
#141=CARTESIAN_POINT('',(-12.6339751851299,6.38973815610555,-3.19486907805596));
#142=CARTESIAN_POINT('',(-12.6339751851299,-2.6346646755095E-12,-3.19486907805408));
#143=CARTESIAN_POINT('',(-12.7989696864992,-8.89032048431138E-13,2.88681693189749));
#144=CARTESIAN_POINT('',(-12.7989696864992,5.77363386379423,2.88681693189588));
#145=CARTESIAN_POINT('',(-12.7989696864992,5.77363386379258,-2.88681693189924));
#146=CARTESIAN_POINT('',(-12.7989696864992,-2.54151113302319E-12,-2.88681693189755));
#147=CARTESIAN_POINT('',(-12.9234726606934,-9.63263992563341E-13,2.63539987628901));
#148=CARTESIAN_POINT('',(-12.9234726606934,5.2707997525772,2.63539987628755));
#149=CARTESIAN_POINT('',(-12.9234726606934,5.2707997525757,-2.63539987629061));
#150=CARTESIAN_POINT('',(-12.9234726606934,-2.46430137896471E-12,-2.63539987628908));
#151=CARTESIAN_POINT('',(-12.9979226667112,-1.00760114923582E-12,2.47604943756188));
#152=CARTESIAN_POINT('',(-12.9979226667112,4.95209887512289,2.4760494375605));
#153=CARTESIAN_POINT('',(-12.9979226667112,4.95209887512148,-2.47604943756339));
#154=CARTESIAN_POINT('',(-12.9979226667112,-2.41806464233754E-12,-2.47604943756194));
#155=CARTESIAN_POINT('',(-13.0481500327905,-1.04003368526562E-12,2.36322022776329));
#156=CARTESIAN_POINT('',(-13.0481500327905,4.72644045552567,2.36322022776198));
#157=CARTESIAN_POINT('',(-13.0481500327905,4.72644045552432,-2.36322022776473));
#158=CARTESIAN_POINT('',(-13.0481500327905,-2.38428028330045E-12,-2.36322022776335));
#159=CARTESIAN_POINT('',(-13.0762703312688,-1.05970667350301E-12,2.29841153283442));
#160=CARTESIAN_POINT('',(-13.0762703312688,4.5968230656679,2.29841153283315));
#161=CARTESIAN_POINT('',(-13.0762703312688,4.5968230656666,-2.29841153283582));
#162=CARTESIAN_POINT('',(-13.0762703312688,-2.36382881333904E-12,-2.29841153283448));
#163=CARTESIAN_POINT('',(-13.1177754136659,-1.08739925781207E-12,2.20105625729673));
#164=CARTESIAN_POINT('',(-13.1177754136659,4.4021125145925,2.20105625729552));
#165=CARTESIAN_POINT('',(-13.1177754136659,4.40211251459125,-2.20105625729807));
#166=CARTESIAN_POINT('',(-13.1177754136659,-2.3349647794646E-12,-2.2010562572968));
#167=CARTESIAN_POINT('',(-13.1775380720101,-1.13058692291005E-12,2.05432213617284));
#168=CARTESIAN_POINT('',(-13.1775380720101,4.10864427234467,2.05432213617171));
#169=CARTESIAN_POINT('',(-13.1775380720101,4.10864427234352,-2.05432213617409));
#170=CARTESIAN_POINT('',(-13.1775380720101,-2.29000385152441E-12,-2.05432213617291));
#171=CARTESIAN_POINT('',(-13.2515862020924,-1.18857322794207E-12,1.85714359842141));
#172=CARTESIAN_POINT('',(-13.2515862020924,3.71428719684174,1.85714359842039));
#173=CARTESIAN_POINT('',(-13.2515862020924,3.7142871968407,-1.85714359842254));
#174=CARTESIAN_POINT('',(-13.2515862020924,-2.22961752709794E-12,-1.85714359842147));
#175=CARTESIAN_POINT('',(-13.3196867737664,-1.24453948535062E-12,1.65833353117189));
#176=CARTESIAN_POINT('',(-13.3196867737664,3.31666706234263,1.65833353117098));
#177=CARTESIAN_POINT('',(-13.3196867737664,3.31666706234171,-1.6583335311729));
#178=CARTESIAN_POINT('',(-13.3196867737664,-2.17121342651411E-12,-1.65833353117195));
#179=CARTESIAN_POINT('',(-13.3814952700701,-1.30394460288769E-12,1.4578010648965));
#180=CARTESIAN_POINT('',(-13.3814952700701,2.9156021297918,1.45780106489572));
#181=CARTESIAN_POINT('',(-13.3814952700701,2.91560212979099,-1.45780106489739));
#182=CARTESIAN_POINT('',(-13.3814952700701,-2.1093304990725E-12,-1.45780106489656));
#183=CARTESIAN_POINT('',(-13.4366393815292,-1.36202329450476E-12,1.25544332771792));
#184=CARTESIAN_POINT('',(-13.4366393815292,2.51088665543456,1.25544332771724));
#185=CARTESIAN_POINT('',(-13.4366393815292,2.51088665543388,-1.25544332771868));
#186=CARTESIAN_POINT('',(-13.4366393815292,-2.04873165333051E-12,-1.25544332771798));
#187=CARTESIAN_POINT('',(-13.4847126075,-1.42105983684049E-12,1.05114916630913));
#188=CARTESIAN_POINT('',(-13.4847126075,2.10229833261692,1.05114916630857));
#189=CARTESIAN_POINT('',(-13.4847126075,2.10229833261636,-1.05114916630977));
#190=CARTESIAN_POINT('',(-13.4847126075,-1.98713003220975E-12,-1.05114916630919));
#191=CARTESIAN_POINT('',(-13.5185109485895,-1.47131603656198E-12,0.879189136162227));
#192=CARTESIAN_POINT('',(-13.5185109485895,1.75837827232307,0.879189136161775));
#193=CARTESIAN_POINT('',(-13.5185109485895,1.75837827232261,-0.879189136162765));
#194=CARTESIAN_POINT('',(-13.5185109485895,-1.93469647964811E-12,-0.87918913616229));
#195=CARTESIAN_POINT('',(-13.5415469302308,-1.51149057102547E-12,0.74052450637753));
#196=CARTESIAN_POINT('',(-13.5415469302308,1.48104901275363,0.740524506377158));
#197=CARTESIAN_POINT('',(-13.5415469302308,1.48104901275325,-0.740524506377983));
#198=CARTESIAN_POINT('',(-13.5415469302308,-1.89275462621161E-12,-0.740524506377592));
#199=CARTESIAN_POINT('',(-13.5567559894404,-1.54095446280907E-12,0.635960924077264));
#200=CARTESIAN_POINT('',(-13.5567559894404,1.27192184815307,0.635960924076951));
#201=CARTESIAN_POINT('',(-13.5567559894404,1.27192184815275,-0.635960924077656));
#202=CARTESIAN_POINT('',(-13.5567559894404,-1.86195212265857E-12,-0.635960924077326));
#203=CARTESIAN_POINT('',(-13.5676498242146,-1.5672926330107E-12,0.548333194850416));
#204=CARTESIAN_POINT('',(-13.5676498242146,1.09666638969934,0.548333194850156));
#205=CARTESIAN_POINT('',(-13.5676498242146,1.09666638969907,-0.548333194850753));
#206=CARTESIAN_POINT('',(-13.5676498242146,-1.83448708039324E-12,-0.548333194850478));
#207=CARTESIAN_POINT('',(-13.5752591944531,-1.58690601708121E-12,0.477936821113013));
#208=CARTESIAN_POINT('',(-13.5752591944531,0.955873642224515,0.477936821112792));
#209=CARTESIAN_POINT('',(-13.5752591944531,0.955873642224288,-0.47793682111331));
#210=CARTESIAN_POINT('',(-13.5752591944531,-1.8139652873705E-12,-0.477936821113076));
#211=CARTESIAN_POINT('',(-13.5804062182063,-1.6026752133677E-12,0.424962644709621));
#212=CARTESIAN_POINT('',(-13.5804062182063,0.849925289417714,0.424962644709432));
#213=CARTESIAN_POINT('',(-13.5804062182063,0.849925289417519,-0.424962644709885));
#214=CARTESIAN_POINT('',(-13.5804062182063,-1.79751091574654E-12,-0.424962644709684));
#215=CARTESIAN_POINT('',(-13.58497206509,-1.61793874253E-12,0.371938885365448));
#216=CARTESIAN_POINT('',(-13.58497206509,0.743877770729351,0.37193888536529));
#217=CARTESIAN_POINT('',(-13.58497206509,0.743877770729188,-0.37193888536568));
#218=CARTESIAN_POINT('',(-13.58497206509,-1.78155996520253E-12,-0.371938885365511));
#219=CARTESIAN_POINT('',(-13.5889486508802,-1.63314869638693E-12,0.318892951892545));
#220=CARTESIAN_POINT('',(-13.5889486508802,0.637785903783528,0.318892951892416));
#221=CARTESIAN_POINT('',(-13.5889486508802,0.637785903783395,-0.318892951892744));
#222=CARTESIAN_POINT('',(-13.5889486508802,-1.76566068358331E-12,-0.318892951892608));
#223=CARTESIAN_POINT('',(-13.5923306297633,-1.64861925493373E-12,0.265817142291319));
#224=CARTESIAN_POINT('',(-13.5923306297633,0.531634284581059,0.265817142291221));
#225=CARTESIAN_POINT('',(-13.5923306297633,0.531634284580958,-0.265817142291486));
#226=CARTESIAN_POINT('',(-13.5923306297633,-1.74949877458624E-12,-0.265817142291382));
#227=CARTESIAN_POINT('',(-13.5951118149827,-1.66414081353332E-12,0.212713158677415));
#228=CARTESIAN_POINT('',(-13.5951118149827,0.425426317353234,0.212713158677349));
#229=CARTESIAN_POINT('',(-13.5951118149827,0.425426317353165,-0.21271315867755));
#230=CARTESIAN_POINT('',(-13.5951118149827,-1.73328384837439E-12,-0.212713158677478));
#231=CARTESIAN_POINT('',(-13.5969237497766,-1.67672248716099E-12,0.168435670878048));
#232=CARTESIAN_POINT('',(-13.5969237497766,0.336871341754486,0.168435670878006));
#233=CARTESIAN_POINT('',(-13.5969237497766,0.336871341754443,-0.168435670878156));
#234=CARTESIAN_POINT('',(-13.5969237497766,-1.72012266447798E-12,-0.168435670878111));
#235=CARTESIAN_POINT('',(-13.598066757214,-1.68706811235053E-12,0.132999111147394));
#236=CARTESIAN_POINT('',(-13.598066757214,0.265998222293167,0.132999111147373));
#237=CARTESIAN_POINT('',(-13.598066757214,0.265998222293145,-0.132999111147481));
#238=CARTESIAN_POINT('',(-13.598066757214,-1.70931239929955E-12,-0.132999111147457));
#239=CARTESIAN_POINT('',(-13.5987699586116,-1.69477598229938E-12,0.106414353139866));
#240=CARTESIAN_POINT('',(-13.5987699586116,0.212828706278102,0.106414353139861));
#241=CARTESIAN_POINT('',(-13.5987699586116,0.212828706278096,-0.106414353139937));
#242=CARTESIAN_POINT('',(-13.5987699586116,-1.70125553061943E-12,-0.106414353139929));
#243=CARTESIAN_POINT('',(-13.5993183162909,-1.7024971823811E-12,0.0798222364185001));
#244=CARTESIAN_POINT('',(-13.5993183162909,0.159644472835363,0.0798222364185105));
#245=CARTESIAN_POINT('',(-13.5993183162909,0.159644472835372,-0.0798222364185548));
#246=CARTESIAN_POINT('',(-13.5993183162909,-1.69318481063405E-12,-0.0798222364185631));
#247=CARTESIAN_POINT('',(-13.5996455817853,-1.70886062815727E-12,0.0576559318772141));
#248=CARTESIAN_POINT('',(-13.5996455817853,0.115311863752784,0.0576559318772372));
#249=CARTESIAN_POINT('',(-13.5996455817853,0.115311863752806,-0.0576559318772555));
#250=CARTESIAN_POINT('',(-13.5996455817853,-1.68652966115591E-12,-0.057655931877277));
#251=CARTESIAN_POINT('',(-13.5998291739119,-1.71403429913083E-12,0.0399192405810435));
#252=CARTESIAN_POINT('',(-13.5998291739119,0.079838481160437,0.0399192405810769));
#253=CARTESIAN_POINT('',(-13.5998291739119,0.0798384811604699,-0.0399192405810741));
#254=CARTESIAN_POINT('',(-13.5998291739119,-1.68112236486652E-12,-0.0399192405811065));
#255=CARTESIAN_POINT('',(-13.599911243214,-1.71726196969955E-12,0.0288320814783813));
#256=CARTESIAN_POINT('',(-13.599911243214,0.057664162955109,0.0288320814784212));
#257=CARTESIAN_POINT('',(-13.599911243214,0.0576641629551485,-0.0288320814784051));
#258=CARTESIAN_POINT('',(-13.599911243214,-1.67774856619625E-12,-0.0288320814784442));
#259=CARTESIAN_POINT('',(-13.5999572426484,-1.71976855812669E-12,0.0199618119205102));
#260=CARTESIAN_POINT('',(-13.5999572426484,0.0399236238393642,0.0199618119205552));
#261=CARTESIAN_POINT('',(-13.5999572426484,0.0399236238394089,-0.0199618119205288));
#262=CARTESIAN_POINT('',(-13.5999572426484,-1.6751250143022E-12,-0.0199618119205732));
#263=CARTESIAN_POINT('',(-13.5999819015401,-1.7218094184858E-12,0.0133075644663724));
#264=CARTESIAN_POINT('',(-13.5999819015401,0.0266151289310863,0.0133075644664214));
#265=CARTESIAN_POINT('',(-13.5999819015401,0.0266151289311351,-0.0133075644663867));
#266=CARTESIAN_POINT('',(-13.5999819015401,-1.67299638399634E-12,-0.0133075644664354));
#267=CARTESIAN_POINT('',(-13.599994239472,-1.72309359777307E-12,0.00776539317008115));
#268=CARTESIAN_POINT('',(-13.599994239472,0.0155307863385024,0.0077653931701327));
#269=CARTESIAN_POINT('',(-13.599994239472,0.0155307863385538,-0.00776539317009276));
#270=CARTESIAN_POINT('',(-13.599994239472,-1.67163908066228E-12,-0.00776539317014411));
#271=CARTESIAN_POINT('',(-13.5999985596003,-1.72478348396014E-12,0.00387894487414415));
#272=CARTESIAN_POINT('',(-13.5999985596003,0.00775788974662659,0.00387894487419909));
#273=CARTESIAN_POINT('',(-13.5999985596003,0.00775788974668148,-0.00387894487415228));
#274=CARTESIAN_POINT('',(-13.5999985596003,-1.66989790436583E-12,-0.00387894487420712));
#275=CARTESIAN_POINT('',(-13.599999794196,-1.72452609455223E-12,0.00166855584531443));
#276=CARTESIAN_POINT('',(-13.599999794196,0.00333711168896735,0.00166855584536886));
#277=CARTESIAN_POINT('',(-13.599999794196,0.00333711168902175,-0.00166855584532302));
#278=CARTESIAN_POINT('',(-13.599999794196,-1.67012611955173E-12,-0.0016685558453774));
#279=CARTESIAN_POINT('',(-13.5999999999904,-1.72668342758735E-12,0.00054362768904061));
#280=CARTESIAN_POINT('',(-13.5999999999904,0.00108725537641752,0.000543627689099347));
#281=CARTESIAN_POINT('',(-13.5999999999904,0.00108725537647625,-0.000543627689044852));
#282=CARTESIAN_POINT('',(-13.5999999999904,-1.66795393779046E-12,-0.000543627689103574));
#283=CARTESIAN_POINT('',(-13.6,-1.7268407621414E-12,1.66583288768025E-12));
#284=CARTESIAN_POINT('',(-13.6,1.66778942723596E-12,1.72488422258575E-12));
#285=CARTESIAN_POINT('',(-13.6,1.72684076214144E-12,-1.66974596679161E-12));
#286=CARTESIAN_POINT('',(-13.6,-1.66778942723592E-12,-1.72879730169706E-12));
#287=CARTESIAN_POINT('',(-10.6892488732723,-3.43049108321583E-12,-5.9129657658194));
#288=CARTESIAN_POINT('',(-10.6892488732723,0.193501352192675,-5.91296576581951));
#289=CARTESIAN_POINT('',(-10.6892488732723,0.580503710250212,-5.89395355192375));
#290=CARTESIAN_POINT('',(-10.6892488732723,1.15541695722091,-5.80867323641257));
#291=CARTESIAN_POINT('',(-10.6892488732723,1.71920283280205,-5.66745222229091));
#292=CARTESIAN_POINT('',(-10.6892488732723,2.26643186524732,-5.47165054512414));
#293=CARTESIAN_POINT('',(-10.6892488732723,2.79183391452542,-5.22315388209926));
#294=CARTESIAN_POINT('',(-10.6892488732723,3.29034907846777,-4.92435539192397));
#295=CARTESIAN_POINT('',(-10.6892488732723,3.75717638171279,-4.57813266739601));
#296=CARTESIAN_POINT('',(-10.6892488732723,4.1878200226233,-4.18782002262655));
#297=CARTESIAN_POINT('',(-10.6892488732723,4.57813266739309,-3.75717638171636));
#298=CARTESIAN_POINT('',(-10.6892488732723,4.92435539192141,-3.2903490784716));
#299=CARTESIAN_POINT('',(-10.6892488732723,5.22315388209709,-2.79183391452948));
#300=CARTESIAN_POINT('',(-10.6892488732723,5.47165054512237,-2.26643186525161));
#301=CARTESIAN_POINT('',(-10.6892488732723,5.66745222228958,-1.71920283280636));
#302=CARTESIAN_POINT('',(-10.6892488732723,5.80867323641166,-1.15541695722572));
#303=CARTESIAN_POINT('',(-10.6892488732723,5.89395355192333,-0.580503710253741));
#304=CARTESIAN_POINT('',(-10.6892488732723,5.91296576581928,-0.193501352199524));
#305=CARTESIAN_POINT('',(-10.6892488732723,5.9129657658194,-3.46761552807315E-12));
#306=CARTESIAN_POINT('',(-10.6892488749694,-1.15168568225172E-12,-5.91296576379106));
#307=CARTESIAN_POINT('',(-10.6892488732269,5.91296576584321,-3.45186022231817E-12));
#308=CARTESIAN_POINT('',(-10.6892488749691,5.66582949265069E-15,-5.91296576379078));
#309=CARTESIAN_POINT('',(-10.8692428283018,-5.51987350068055E-14,-5.69834920674549));
#310=CARTESIAN_POINT('',(-11.2232971284169,-1.78737008655022E-13,-5.2651815895058));
#311=CARTESIAN_POINT('',(-11.6456337824443,-3.34763305421775E-13,-4.71030696753993));
#312=CARTESIAN_POINT('',(-11.9677434515645,-4.64929357107224E-13,-4.25595725242278));
#313=CARTESIAN_POINT('',(-12.2003861804313,-5.60599468792138E-13,-3.9092672010288));
#314=CARTESIAN_POINT('',(-12.422916590407,-6.637892439695E-13,-3.55587205969184));
#315=CARTESIAN_POINT('',(-12.6339751857788,-7.65548826182296E-13,-3.19486907689309));
#316=CARTESIAN_POINT('',(-12.7989696870477,-8.52503662951287E-13,-2.88681693083594));
#317=CARTESIAN_POINT('',(-12.9234726611647,-9.22304604257983E-13,-2.63539987530854));
#318=CARTESIAN_POINT('',(-12.9979226671353,-9.69833064140998E-13,-2.47604943663399));
#319=CARTESIAN_POINT('',(-13.0481500331833,-1.00156653994338E-12,-2.36322022687079));
#320=CARTESIAN_POINT('',(-13.0762703316425,-1.01916845984605E-12,-2.29841153196554));
#321=CARTESIAN_POINT('',(-13.1177754140114,-1.04731124780173E-12,-2.20105625646321));
#322=CARTESIAN_POINT('',(-13.1775380723147,-1.08791615993852E-12,-2.05432213539295));
#323=CARTESIAN_POINT('',(-13.2515862023457,-1.14318172411804E-12,-1.8571435977138));
#324=CARTESIAN_POINT('',(-13.3196867739721,-1.20090741207455E-12,-1.65833353053755));
#325=CARTESIAN_POINT('',(-13.3814952702319,-1.25602796804669E-12,-1.4578010643365));
#326=CARTESIAN_POINT('',(-13.4366393816514,-1.31431581457272E-12,-1.25544332723339));
#327=CARTESIAN_POINT('',(-13.4847126075871,-1.37190401672616E-12,-1.05114916590135));
#328=CARTESIAN_POINT('',(-13.5185109486516,-1.42031486614096E-12,-0.87918913581955));
#329=CARTESIAN_POINT('',(-13.5415469302757,-1.45948791915784E-12,-0.740524506087706));
#330=CARTESIAN_POINT('',(-13.5567559894738,-1.4897973432827E-12,-0.635960923827457));
#331=CARTESIAN_POINT('',(-13.5676498242397,-1.5135853238621E-12,-0.548333194634323));
#332=CARTESIAN_POINT('',(-13.5752591944725,-1.53435248931763E-12,-0.477936820924106));
#333=CARTESIAN_POINT('',(-13.5804062182217,-1.54889323880618E-12,-0.424962644541218));
#334=CARTESIAN_POINT('',(-13.5849720651018,-1.56395954938862E-12,-0.371938885218143));
#335=CARTESIAN_POINT('',(-13.5889486508889,-1.57908591524179E-12,-0.318892951766195));
#336=CARTESIAN_POINT('',(-13.5923306297693,-1.5939498325624E-12,-0.265817142185987));
#337=CARTESIAN_POINT('',(-13.5951118149866,-1.60880805897472E-12,-0.21271315859311));
#338=CARTESIAN_POINT('',(-13.596923749779,-1.62156954331182E-12,-0.168435670811298));
#339=CARTESIAN_POINT('',(-13.5980667572155,-1.63151770775269E-12,-0.132999111094679));
#340=CARTESIAN_POINT('',(-13.5987699586126,-1.63897352760859E-12,-0.106414353097709));
#341=CARTESIAN_POINT('',(-13.5993183162914,-1.64647796624823E-12,-0.0798222363868748));
#342=CARTESIAN_POINT('',(-13.5996455817856,-1.6527916806507E-12,-0.0576559318543955));
#343=CARTESIAN_POINT('',(-13.5998291739121,-1.65776066771954E-12,-0.0399192405652605));
#344=CARTESIAN_POINT('',(-13.5999112432141,-1.66087891738158E-12,-0.0288320814670049));
#345=CARTESIAN_POINT('',(-13.5999572426485,-1.66344448358774E-12,-0.0199618119126469));
#346=CARTESIAN_POINT('',(-13.5999819015401,-1.66520812055713E-12,-0.0133075644611563));
#347=CARTESIAN_POINT('',(-13.599994239472,-1.66709560590302E-12,-0.00776539316705833));
#348=CARTESIAN_POINT('',(-13.5999985596003,-1.66762796828176E-12,-0.00387894487267436));
#349=CARTESIAN_POINT('',(-13.599999794196,-1.66915010461687E-12,-0.00166855584471607));
#350=CARTESIAN_POINT('',(-13.5999999999904,-1.6676358804473E-12,-0.000543627688889121));
#351=CARTESIAN_POINT('',(-13.6,-1.66778942723493E-12,-1.72879730169704E-12));
#352=CARTESIAN_POINT('',(-13.6,-7.40148683083438E-17,0.));
#353=CARTESIAN_POINT('',(-13.6,-1.7268407621414E-12,1.66583288768025E-12));
#354=CARTESIAN_POINT('',(-13.5999999999904,-1.72668342758741E-12,0.00054362768882616));
#355=CARTESIAN_POINT('',(-13.599999794196,-1.72452638250662E-12,0.00166855584465311));
#356=CARTESIAN_POINT('',(-13.5999985596003,-1.72478298813142E-12,0.0038789448726114));
#357=CARTESIAN_POINT('',(-13.599994239472,-1.72309505246763E-12,0.00776539316699535));
#358=CARTESIAN_POINT('',(-13.5999819015401,-1.72180945307275E-12,0.0133075644610935));
#359=CARTESIAN_POINT('',(-13.5999572426485,-1.7197685258477E-12,0.0199618119125836));
#360=CARTESIAN_POINT('',(-13.5999112432141,-1.71726804801355E-12,0.0288320814669437));
#361=CARTESIAN_POINT('',(-13.5998291739121,-1.71402160809911E-12,0.039919240565197));
#362=CARTESIAN_POINT('',(-13.5996455817856,-1.70886055849657E-12,0.0576559318543327));
#363=CARTESIAN_POINT('',(-13.5993183162914,-1.70249947380319E-12,0.079822236386813));
#364=CARTESIAN_POINT('',(-13.5987699586126,-1.69477276918313E-12,0.106414353097647));
#365=CARTESIAN_POINT('',(-13.5980667572155,-1.68710258836868E-12,0.132999111094617));
#366=CARTESIAN_POINT('',(-13.596923749779,-1.67668357080619E-12,0.168435670811237));
#367=CARTESIAN_POINT('',(-13.5951118149866,-1.66417624540177E-12,0.212713158593047));
#368=CARTESIAN_POINT('',(-13.5923306297693,-1.64859746688879E-12,0.265817142185928));
#369=CARTESIAN_POINT('',(-13.5889486508889,-1.63317784380574E-12,0.318892951766135));
#370=CARTESIAN_POINT('',(-13.5849720651018,-1.61802084476526E-12,0.371938885218082));
#371=CARTESIAN_POINT('',(-13.5804062182217,-1.60264962389234E-12,0.424962644541159));
#372=CARTESIAN_POINT('',(-13.5752591944725,-1.58703626575499E-12,0.477936820924046));
#373=CARTESIAN_POINT('',(-13.5676498242397,-1.56718009445418E-12,0.548333194634263));
#374=CARTESIAN_POINT('',(-13.5567559894738,-1.54094895939118E-12,0.635960923827399));
#375=CARTESIAN_POINT('',(-13.5415469302757,-1.51154463824715E-12,0.740524506087649));
#376=CARTESIAN_POINT('',(-13.5185109486516,-1.47138159459398E-12,0.879189135819494));
#377=CARTESIAN_POINT('',(-13.4847126075871,-1.42106328082654E-12,1.0511491659013));
#378=CARTESIAN_POINT('',(-13.4366393816514,-1.36229948158645E-12,1.25544332723334));
#379=CARTESIAN_POINT('',(-13.3814952702319,-1.3036975563619E-12,1.45780106433645));
#380=CARTESIAN_POINT('',(-13.3196867739721,-1.2446209628456E-12,1.6583335305375));
#381=CARTESIAN_POINT('',(-13.2515862023457,-1.18857492365856E-12,1.85714359771375));
#382=CARTESIAN_POINT('',(-13.1775380723147,-1.13100351957102E-12,2.05432213539291));
#383=CARTESIAN_POINT('',(-13.1177754140114,-1.08785416500802E-12,2.20105625646316));
#384=CARTESIAN_POINT('',(-13.0762703316425,-1.0600782317177E-12,2.29841153196549));
#385=CARTESIAN_POINT('',(-13.0481500331833,-1.04023291575697E-12,2.36322022687074));
#386=CARTESIAN_POINT('',(-12.9979226671353,-1.00825643705443E-12,2.47604943663395));
#387=CARTESIAN_POINT('',(-12.9234726611647,-9.63100470261228E-13,2.63539987530849));
#388=CARTESIAN_POINT('',(-12.7989696870477,-8.89740726598014E-13,2.8868169308359));
#389=CARTESIAN_POINT('',(-12.6339751857787,-7.99224238872698E-13,3.19486907689305));
#390=CARTESIAN_POINT('',(-12.422916590407,-6.94531164950285E-13,3.5558720596918));
#391=CARTESIAN_POINT('',(-12.2003861804313,-5.94823723320879E-13,3.90926720102876));
#392=CARTESIAN_POINT('',(-11.9677434515644,-4.90842744959203E-13,4.25595725242274));
#393=CARTESIAN_POINT('',(-11.6456337824442,-3.61175790854063E-13,4.71030696753989));
#394=CARTESIAN_POINT('',(-11.2232971284168,-1.9648419977541E-13,5.26518158950578));
#395=CARTESIAN_POINT('',(-10.8692428283018,-7.2466642915786E-14,5.69834920674547));
#396=CARTESIAN_POINT('',(-10.6892488749691,-1.01067215911513E-14,5.91296576379076));
#397=CARTESIAN_POINT('',(-10.6892488749694,1.15144430576496E-12,5.91296576379106));
#398=CARTESIAN_POINT('',(-10.6892488732723,5.9129657658194,0.));
#399=CARTESIAN_POINT('',(-10.6892488732723,5.9129657658194,0.193501352196082));
#400=CARTESIAN_POINT('',(-10.6892488732723,5.89395355192367,0.580503710250358));
#401=CARTESIAN_POINT('',(-10.6892488732723,5.80867323641231,1.15541695722247));
#402=CARTESIAN_POINT('',(-10.6892488732723,5.66745222229052,1.71920283280327));
#403=CARTESIAN_POINT('',(-10.6892488732723,5.4716505451236,2.26643186524865));
#404=CARTESIAN_POINT('',(-10.6892488732723,5.22315388209856,2.79183391452674));
#405=CARTESIAN_POINT('',(-10.6892488732723,4.92435539192309,3.29034907846908));
#406=CARTESIAN_POINT('',(-10.6892488732723,4.57813266739496,3.75717638171408));
#407=CARTESIAN_POINT('',(-10.6892488732723,4.18782002262534,4.18782002262451));
#408=CARTESIAN_POINT('',(-10.6892488732723,3.75717638171497,4.57813266739424));
#409=CARTESIAN_POINT('',(-10.6892488732723,3.29034907847003,4.92435539192246));
#410=CARTESIAN_POINT('',(-10.6892488732723,2.79183391452776,5.22315388209801));
#411=CARTESIAN_POINT('',(-10.6892488732723,2.26643186524974,5.47165054512316));
#412=CARTESIAN_POINT('',(-10.6892488732723,1.7192028328043,5.66745222229019));
#413=CARTESIAN_POINT('',(-10.6892488732723,1.15541695722386,5.80867323641208));
#414=CARTESIAN_POINT('',(-10.6892488732723,0.580503710250461,5.89395355192359));
#415=CARTESIAN_POINT('',(-10.6892488732723,0.193501352199503,5.91296576581928));
#416=CARTESIAN_POINT('',(-10.6892488732723,3.46915521817818E-12,5.9129657658194));
#417=CARTESIAN_POINT('',(-9.7873599133118,-3.10536182858287E-15,-5.43051822996407));
#418=CARTESIAN_POINT('',(-9.78735991331181,10.8610364599207,-5.43051822996037));
#419=CARTESIAN_POINT('',(-9.78735991331181,10.8610364599207,5.43051822996031));
#420=CARTESIAN_POINT('',(-9.7873599133118,-6.3196879995619E-15,5.430518229964));
#421=CARTESIAN_POINT('',(-9.95560030639206,-6.95320665934501E-14,-5.23248785046636));
#422=CARTESIAN_POINT('',(-9.95560030639207,10.4649757009255,-5.23248785046279));
#423=CARTESIAN_POINT('',(-9.95560030639207,10.4649757009254,5.23248785046273));
#424=CARTESIAN_POINT('',(-9.95560030639207,-7.50453855181806E-14,5.23248785046629));
#425=CARTESIAN_POINT('',(-10.2046772000639,-1.70096243047749E-13,-4.9330146103916));
#426=CARTESIAN_POINT('',(-10.2046772000639,9.86602922077624,-4.93301461038823));
#427=CARTESIAN_POINT('',(-10.2046772000639,9.86602922077623,4.93301461038818));
#428=CARTESIAN_POINT('',(-10.2046772000639,-1.7885955956382E-13,4.93301461039153));
#429=CARTESIAN_POINT('',(-10.5270336363033,-3.05990847031832E-13,-4.52651156972073));
#430=CARTESIAN_POINT('',(-10.5270336363033,9.05302313943492,-4.52651156971763));
#431=CARTESIAN_POINT('',(-10.5270336363033,9.05302313943491,4.52651156971759));
#432=CARTESIAN_POINT('',(-10.5270336363033,-3.20365913156796E-13,4.52651156972066));
#433=CARTESIAN_POINT('',(-10.7631211740597,-4.10179297421315E-13,-4.21743516345473));
#434=CARTESIAN_POINT('',(-10.7631211740597,8.43487032690324,-4.21743516345184));
#435=CARTESIAN_POINT('',(-10.7631211740597,8.43487032690322,4.21743516345181));
#436=CARTESIAN_POINT('',(-10.7631211740597,-4.27081737270037E-13,4.21743516345467));
#437=CARTESIAN_POINT('',(-10.9928244633221,-5.14778831095335E-13,-3.90363880531249));
#438=CARTESIAN_POINT('',(-10.9928244633221,7.80727761061909,-3.90363880530981));
#439=CARTESIAN_POINT('',(-10.9928244633222,7.80727761061907,3.90363880530979));
#440=CARTESIAN_POINT('',(-10.9928244633221,-5.36593966838152E-13,3.90363880531243));
#441=CARTESIAN_POINT('',(-11.1782074072333,-6.04931665937713E-13,-3.63767904856959));
#442=CARTESIAN_POINT('',(-11.1782074072333,7.27535809713354,-3.63767904856708));
#443=CARTESIAN_POINT('',(-11.1782074072333,7.27535809713352,3.63767904856706));
#444=CARTESIAN_POINT('',(-11.1782074072333,-6.27900334308889E-13,3.63767904856952));
#445=CARTESIAN_POINT('',(-11.3223710442029,-6.7706597152779E-13,-3.42184842118457));
#446=CARTESIAN_POINT('',(-11.3223710442029,6.84369684236373,-3.42184842118221));
#447=CARTESIAN_POINT('',(-11.3223710442029,6.8436968423637,3.4218484211822));
#448=CARTESIAN_POINT('',(-11.3223710442029,-7.0301476084943E-13,3.4218484211845));
#449=CARTESIAN_POINT('',(-11.428267420334,-7.3185183257998E-13,-3.25832966769693));
#450=CARTESIAN_POINT('',(-11.428267420334,6.51665933538863,-3.25832966769469));
#451=CARTESIAN_POINT('',(-11.428267420334,6.5166593353886,3.25832966769468));
#452=CARTESIAN_POINT('',(-11.428267420334,-7.59783856209761E-13,3.25832966769687));
#453=CARTESIAN_POINT('',(-11.5145187652701,-7.77968596439824E-13,-3.1205880658099));
#454=CARTESIAN_POINT('',(-11.5145187652701,6.24117613161471,-3.12058806580775));
#455=CARTESIAN_POINT('',(-11.5145187652701,6.24117613161468,3.12058806580774));
#456=CARTESIAN_POINT('',(-11.5145187652701,-8.07632569391521E-13,3.12058806580984));
#457=CARTESIAN_POINT('',(-11.5822256503344,-8.15187504680788E-13,-3.00943927576356));
#458=CARTESIAN_POINT('',(-11.5822256503344,6.01887855152214,-3.00943927576148));
#459=CARTESIAN_POINT('',(-11.5822256503344,6.01887855152211,3.00943927576148));
#460=CARTESIAN_POINT('',(-11.5822256503344,-8.46235365470565E-13,3.0094392757635));
#461=CARTESIAN_POINT('',(-11.6490368658965,-8.52628021815923E-13,-2.89762356987573));
#462=CARTESIAN_POINT('',(-11.6490368658965,5.79524713974659,-2.89762356987372));
#463=CARTESIAN_POINT('',(-11.6490368658965,5.79524713974656,2.89762356987372));
#464=CARTESIAN_POINT('',(-11.6490368658965,-8.85069770241746E-13,2.89762356987566));
#465=CARTESIAN_POINT('',(-11.7305641021309,-8.99714308992998E-13,-2.75699722664991));
#466=CARTESIAN_POINT('',(-11.7305641021309,5.5139944532951,-2.756997226648));
#467=CARTESIAN_POINT('',(-11.7305641021309,5.51399445329506,2.756997226648));
#468=CARTESIAN_POINT('',(-11.7305641021309,-9.33908222350618E-13,2.75699722664984));
#469=CARTESIAN_POINT('',(-11.856568790708,-9.75734255891561E-13,-2.52995704534858));
#470=CARTESIAN_POINT('',(-11.856568790708,5.05991409069267,-2.52995704534682));
#471=CARTESIAN_POINT('',(-11.856568790708,5.05991409069263,2.52995704534683));
#472=CARTESIAN_POINT('',(-11.856568790708,-1.01275058939215E-12,2.52995704534851));
#473=CARTESIAN_POINT('',(-11.9754801192522,-1.05281145202559E-12,-2.29970679483874));
#474=CARTESIAN_POINT('',(-11.9754801192522,4.59941358967323,-2.29970679483714));
#475=CARTESIAN_POINT('',(-11.9754801192522,4.59941358967319,2.29970679483715));
#476=CARTESIAN_POINT('',(-11.9754801192522,-1.09271348796428E-12,2.29970679483868));
#477=CARTESIAN_POINT('',(-12.086266207647,-1.13115646033013E-12,-2.06576899362479));
#478=CARTESIAN_POINT('',(-12.086266207647,4.13153798724556,-2.06576899362334));
#479=CARTESIAN_POINT('',(-12.086266207647,4.13153798724552,2.06576899362336));
#480=CARTESIAN_POINT('',(-12.086266207647,-1.17391031979097E-12,2.06576899362472));
#481=CARTESIAN_POINT('',(-12.1649699125428,-1.19047746397038E-12,-1.88832684177487));
#482=CARTESIAN_POINT('',(-12.1649699125428,3.77665368354591,-1.88832684177354));
#483=CARTESIAN_POINT('',(-12.1649699125428,3.77665368354587,1.88832684177356));
#484=CARTESIAN_POINT('',(-12.1649699125428,-1.23559495379013E-12,1.8883268417748));
#485=CARTESIAN_POINT('',(-12.2389280229642,-1.25090116728333E-12,-1.70873223122335));
#486=CARTESIAN_POINT('',(-12.2389280229642,3.41746446244305,-1.70873223122214));
#487=CARTESIAN_POINT('',(-12.2389280229642,3.417464462443,1.70873223122216));
#488=CARTESIAN_POINT('',(-12.2389280229642,-1.29763717717188E-12,1.70873223122328));
#489=CARTESIAN_POINT('',(-12.2962572421986,-1.30070609512805E-12,-1.55711893736638));
#490=CARTESIAN_POINT('',(-12.2962572421986,3.11423787472926,-1.55711893736526));
#491=CARTESIAN_POINT('',(-12.2962572421986,3.11423787472921,1.5571189373653));
#492=CARTESIAN_POINT('',(-12.2962572421986,-1.351210881196E-12,1.55711893736631));
#493=CARTESIAN_POINT('',(-12.3392909417162,-1.34366290832717E-12,-1.434544444622));
#494=CARTESIAN_POINT('',(-12.3392909417162,2.86908888924064,-1.43454444462098));
#495=CARTESIAN_POINT('',(-12.3392909417162,2.86908888924059,1.43454444462101));
#496=CARTESIAN_POINT('',(-12.3392909417162,-1.39182798013121E-12,1.43454444462194));
#497=CARTESIAN_POINT('',(-12.3700879647787,-1.37426436643113E-12,-1.34194447985798));
#498=CARTESIAN_POINT('',(-12.3700879647787,2.68388895971269,-1.34194447985702));
#499=CARTESIAN_POINT('',(-12.3700879647787,2.68388895971264,1.34194447985705));
#500=CARTESIAN_POINT('',(-12.3700879647787,-1.42436088521634E-12,1.34194447985791));
#501=CARTESIAN_POINT('',(-12.3944835329713,-1.40039152068644E-12,-1.26419819934574));
#502=CARTESIAN_POINT('',(-12.3944835329713,2.52839639868829,-1.26419819934483));
#503=CARTESIAN_POINT('',(-12.3944835329713,2.52839639868824,1.26419819934486));
#504=CARTESIAN_POINT('',(-12.3944835329713,-1.4512389590843E-12,1.26419819934567));
#505=CARTESIAN_POINT('',(-12.4132072987822,-1.42129124496836E-12,-1.20165125814172));
#506=CARTESIAN_POINT('',(-12.4132072987822,2.4033025162803,-1.20165125814085));
#507=CARTESIAN_POINT('',(-12.4132072987822,2.40330251628025,1.20165125814088));
#508=CARTESIAN_POINT('',(-12.4132072987822,-1.47298078261669E-12,1.20165125814165));
#509=CARTESIAN_POINT('',(-12.4314025852531,-1.44241120966467E-12,-1.13882966969663));
#510=CARTESIAN_POINT('',(-12.4314025852531,2.2776593393902,-1.1388296696958));
#511=CARTESIAN_POINT('',(-12.4314025852531,2.27765933939015,1.13882966969584));
#512=CARTESIAN_POINT('',(-12.4314025852531,-1.49468879649734E-12,1.13882966969656));
#513=CARTESIAN_POINT('',(-12.453045893787,-1.46806322617437E-12,-1.06009691064728));
#514=CARTESIAN_POINT('',(-12.453045893787,2.12019382129158,-1.0600969106465));
#515=CARTESIAN_POINT('',(-12.453045893787,2.12019382129152,1.06009691064654));
#516=CARTESIAN_POINT('',(-12.453045893787,-1.52271049668132E-12,1.06009691064721));
#517=CARTESIAN_POINT('',(-12.4771855024298,-1.5001588497638E-12,-0.965357466202001));
#518=CARTESIAN_POINT('',(-12.4771855024298,1.93071493240112,-0.965357466201288));
#519=CARTESIAN_POINT('',(-12.4771855024298,1.93071493240106,0.965357466201331));
#520=CARTESIAN_POINT('',(-12.4771855024298,-1.55519814393403E-12,0.965357466201933));
#521=CARTESIAN_POINT('',(-12.4994411361717,-1.53174569376508E-12,-0.870328689798074));
#522=CARTESIAN_POINT('',(-12.4994411361717,1.74065737959336,-0.870328689797424));
#523=CARTESIAN_POINT('',(-12.4994411361717,1.74065737959331,0.87032868979747));
#524=CARTESIAN_POINT('',(-12.4994411361717,-1.58838920753056E-12,0.870328689798006));
#525=CARTESIAN_POINT('',(-12.5197443065237,-1.56362231458135E-12,-0.775005960631788));
#526=CARTESIAN_POINT('',(-12.5197443065237,1.55001192126089,-0.775005960631202));
#527=CARTESIAN_POINT('',(-12.5197443065237,1.55001192126083,0.77500596063125));
#528=CARTESIAN_POINT('',(-12.5197443065237,-1.62148818855352E-12,0.77500596063172));
#529=CARTESIAN_POINT('',(-12.5380233886606,-1.59643476703778E-12,-0.679376914649553));
#530=CARTESIAN_POINT('',(-12.5380233886606,1.35875382929652,-0.679376914649033));
#531=CARTESIAN_POINT('',(-12.5380233886606,1.35875382929646,0.67937691464908));
#532=CARTESIAN_POINT('',(-12.5380233886606,-1.65385736140431E-12,0.679376914649485));
#533=CARTESIAN_POINT('',(-12.5541754750488,-1.62807221262849E-12,-0.583426406396417));
#534=CARTESIAN_POINT('',(-12.5541754750488,1.16685281279034,-0.583426406395959));
#535=CARTESIAN_POINT('',(-12.5541754750488,1.16685281279028,0.583426406396011));
#536=CARTESIAN_POINT('',(-12.5541754750488,-1.68761774740785E-12,0.583426406396349));
#537=CARTESIAN_POINT('',(-12.5680705915518,-1.66011766310975E-12,-0.487134676640038));
#538=CARTESIAN_POINT('',(-12.5680705915518,0.974269353277684,-0.487134676639645));
#539=CARTESIAN_POINT('',(-12.5680705915518,0.974269353277623,0.4871346766397));
#540=CARTESIAN_POINT('',(-12.5680705915518,-1.72119962531585E-12,0.48713467663997));
#541=CARTESIAN_POINT('',(-12.5795984797527,-1.69288303282195E-12,-0.390485086805711));
#542=CARTESIAN_POINT('',(-12.5795984797527,0.780970173609129,-0.390485086805384));
#543=CARTESIAN_POINT('',(-12.5795984797527,0.780970173609068,0.390485086805439));
#544=CARTESIAN_POINT('',(-12.5795984797527,-1.75430227119325E-12,0.390485086805643));
#545=CARTESIAN_POINT('',(-12.5871525264704,-1.71991355127842E-12,-0.309633468601175));
#546=CARTESIAN_POINT('',(-12.5871525264704,0.61926693720014,-0.309633468600901));
#547=CARTESIAN_POINT('',(-12.5871525264704,0.619266937200077,0.309633468600959));
#548=CARTESIAN_POINT('',(-12.5871525264704,-1.7823704608694E-12,0.309633468601107));
#549=CARTESIAN_POINT('',(-12.5919267969169,-1.74158060257956E-12,-0.244760339012405));
#550=CARTESIAN_POINT('',(-12.5919267969169,0.489520678022668,-0.244760339012175));
#551=CARTESIAN_POINT('',(-12.5919267969169,0.489520678022604,0.244760339012234));
#552=CARTESIAN_POINT('',(-12.5919267969169,-1.8049113992435E-12,0.244760339012338));
#553=CARTESIAN_POINT('',(-12.5948658989092,-1.75777717099279E-12,-0.196008494398978));
#554=CARTESIAN_POINT('',(-12.5948658989092,0.392016988795863,-0.19600849439878));
#555=CARTESIAN_POINT('',(-12.5948658989092,0.392016988795799,0.196008494398841));
#556=CARTESIAN_POINT('',(-12.5948658989092,-1.82193606102435E-12,0.19600849439891));
#557=CARTESIAN_POINT('',(-12.5971573838091,-1.77423517553451E-12,-0.147158758166034));
#558=CARTESIAN_POINT('',(-12.5971573838091,0.294317516330025,-0.147158758165869));
#559=CARTESIAN_POINT('',(-12.5971573838091,0.294317516329961,0.14715875816593));
#560=CARTESIAN_POINT('',(-12.5971573838091,-1.83876512589372E-12,0.147158758165966));
#561=CARTESIAN_POINT('',(-12.5985235721834,-1.78791012495625E-12,-0.106368460963667));
#562=CARTESIAN_POINT('',(-12.5985235721834,0.212736921925334,-0.10636846096353));
#563=CARTESIAN_POINT('',(-12.5985235721834,0.212736921925269,0.106368460963592));
#564=CARTESIAN_POINT('',(-12.5985235721834,-1.85288467588575E-12,0.1063684609636));
#565=CARTESIAN_POINT('',(-12.5992890494506,-1.79878854413932E-12,-0.0736868016554491));
#566=CARTESIAN_POINT('',(-12.5992890494506,0.147373603308931,-0.0736868016553334));
#567=CARTESIAN_POINT('',(-12.5992890494506,0.147373603308866,0.0736868016553967));
#568=CARTESIAN_POINT('',(-12.5992890494506,-1.86427509512242E-12,0.0736868016553815));
#569=CARTESIAN_POINT('',(-12.5996308584505,-1.8057708532265E-12,-0.0532399198250894));
#570=CARTESIAN_POINT('',(-12.5996308584505,0.106479839648233,-0.0532399198249876));
#571=CARTESIAN_POINT('',(-12.5996308584505,0.106479839648167,0.0532399198250509));
#572=CARTESIAN_POINT('',(-12.5996308584505,-1.87122483137215E-12,0.0532399198250218));
#573=CARTESIAN_POINT('',(-12.5998222732335,-1.81105048097324E-12,-0.036870452922537));
#574=CARTESIAN_POINT('',(-12.5998222732335,0.0737409058431451,-0.0368704529224458));
#575=CARTESIAN_POINT('',(-12.5998222732335,0.073740905843079,0.0368704529225103));
#576=CARTESIAN_POINT('',(-12.5998222732335,-1.87709888098055E-12,0.0368704529224694));
#577=CARTESIAN_POINT('',(-12.5999248134296,-1.81558756972329E-12,-0.0245859471147902));
#578=CARTESIAN_POINT('',(-12.5999248134296,0.0491718942276636,-0.0245859471147081));
#579=CARTESIAN_POINT('',(-12.5999248134296,0.0491718942275983,0.0245859471147711));
#580=CARTESIAN_POINT('',(-12.5999248134296,-1.88093204165459E-12,0.0245859471147225));
#581=CARTESIAN_POINT('',(-12.5999760787425,-1.81781597002024E-12,-0.0143475220511396));
#582=CARTESIAN_POINT('',(-12.5999760787425,0.0286950441003742,-0.0143475220510619));
#583=CARTESIAN_POINT('',(-12.5999760787425,0.0286950441003063,0.0143475220511301));
#584=CARTESIAN_POINT('',(-12.5999760787425,-1.88567971472569E-12,0.014347522051072));
#585=CARTESIAN_POINT('',(-12.5999940199369,-1.82233768162421E-12,-0.00717039347972177));
#586=CARTESIAN_POINT('',(-12.5999940199369,0.0143407869575438,-0.00717039347965317));
#587=CARTESIAN_POINT('',(-12.5999940199369,0.0143407869574801,0.00717039347971299));
#588=CARTESIAN_POINT('',(-12.5999940199369,-1.88604820162121E-12,0.00717039347965416));
#589=CARTESIAN_POINT('',(-12.5999991457737,-1.82031800973977E-12,-0.00308014132401427));
#590=CARTESIAN_POINT('',(-12.5999991457737,0.00616028264613643,-0.00308014132394164));
#591=CARTESIAN_POINT('',(-12.5999991457737,0.00616028264606589,0.00308014132401511));
#592=CARTESIAN_POINT('',(-12.5999991457737,-1.8908547953467E-12,0.00308014132394667));
#593=CARTESIAN_POINT('',(-12.599999999946,-1.82794529475655E-12,-0.00101271070099054));
#594=CARTESIAN_POINT('',(-12.599999999946,0.00202542140008415,-0.00101271070093316));
#595=CARTESIAN_POINT('',(-12.599999999946,0.00202542140002746,0.00101271070097894));
#596=CARTESIAN_POINT('',(-12.599999999946,-1.8846361663023E-12,0.00101271070092294));
#597=CARTESIAN_POINT('',(-12.6,-1.8282844242363E-12,-1.89043742330557E-12));
#598=CARTESIAN_POINT('',(-12.6,1.88498705263628E-12,-1.83373479490307E-12));
#599=CARTESIAN_POINT('',(-12.6,1.82828442423505E-12,1.87953668196953E-12));
#600=CARTESIAN_POINT('',(-12.6,-1.88498705263757E-12,1.82283405356956E-12));
#601=CARTESIAN_POINT('',(-9.7873599149762,-6.75497457564965E-15,5.43051822800489));
#602=CARTESIAN_POINT('',(-9.95560030797273,-7.54761401907421E-14,5.23248784857819));
#603=CARTESIAN_POINT('',(-10.2046772015163,-1.78968198046892E-13,4.93301460860797));
#604=CARTESIAN_POINT('',(-10.5270336375835,-3.20087142329938E-13,4.52651156807558));
#605=CARTESIAN_POINT('',(-10.7631211752115,-4.27069111139787E-13,4.21743516191396));
#606=CARTESIAN_POINT('',(-10.992824464347,-5.3657163143562E-13,3.90363880387724));
#607=CARTESIAN_POINT('',(-11.1782074081537,-6.26793078240639E-13,3.63767904722327));
#608=CARTESIAN_POINT('',(-11.3223710450408,-7.0351202715233E-13,3.42184841991023));
#609=CARTESIAN_POINT('',(-11.4282674211108,-7.59366713803546E-13,3.25832966647686));
#610=CARTESIAN_POINT('',(-11.5145187659962,-8.07413402174484E-13,3.12058806463591));
#611=CARTESIAN_POINT('',(-11.5822256510208,-8.45754156152513E-13,3.00943927462571));
#612=CARTESIAN_POINT('',(-11.649036866542,-8.85055998266527E-13,2.89762356877694));
#613=CARTESIAN_POINT('',(-11.7305641027252,-9.33756135735168E-13,2.75699722560167));
#614=CARTESIAN_POINT('',(-11.856568791223,-1.0124856026317E-12,2.52995704438132));
#615=CARTESIAN_POINT('',(-11.975480119691,-1.09305037816946E-12,2.29970679395415));
#616=CARTESIAN_POINT('',(-12.0862662080134,-1.17282710942068E-12,2.06576899282449));
#617=CARTESIAN_POINT('',(-12.1649699128571,-1.23584835817896E-12,1.88832684103877));
#618=CARTESIAN_POINT('',(-12.2389280232285,-1.29716354458145E-12,1.70873223055247));
#619=CARTESIAN_POINT('',(-12.2962572424236,-1.35128606792726E-12,1.55711893675082));
#620=CARTESIAN_POINT('',(-12.339290941911,-1.39150208577007E-12,1.43454444405139));
#621=CARTESIAN_POINT('',(-12.3700879649518,-1.42426308002554E-12,1.34194447932145));
#622=CARTESIAN_POINT('',(-12.3944835331272,-1.45098396378436E-12,1.26419819883801));
#623=CARTESIAN_POINT('',(-12.4132072989248,-1.47311858685544E-12,1.20165125765721));
#624=CARTESIAN_POINT('',(-12.4314025853826,-1.49446124589297E-12,1.13882966923565));
#625=CARTESIAN_POINT('',(-12.4530458939003,-1.522800444281E-12,1.06009691021841));
#626=CARTESIAN_POINT('',(-12.4771855025252,-1.55518453395953E-12,0.96535746581072));
#627=CARTESIAN_POINT('',(-12.4994411362504,-1.58840363547029E-12,0.870328689444904));
#628=CARTESIAN_POINT('',(-12.5197443065871,-1.62156913620054E-12,0.77500596031683));
#629=CARTESIAN_POINT('',(-12.53802338871,-1.6537790605052E-12,0.67937691437306));
#630=CARTESIAN_POINT('',(-12.5541754750857,-1.68761471460682E-12,0.583426406158573));
#631=CARTESIAN_POINT('',(-12.5680705915777,-1.72123002191966E-12,0.4871346764411));
#632=CARTESIAN_POINT('',(-12.5795984797694,-1.75426532656762E-12,0.39048508664593));
#633=CARTESIAN_POINT('',(-12.587152526481,-1.78231384803779E-12,0.309633468474273));
#634=CARTESIAN_POINT('',(-12.5919267969235,-1.80491972821088E-12,0.244760338911941));
#635=CARTESIAN_POINT('',(-12.5948658989135,-1.82193486805504E-12,0.19600849431843));
#636=CARTESIAN_POINT('',(-12.5971573838115,-1.83874783335247E-12,0.14715875810548));
#637=CARTESIAN_POINT('',(-12.5985235721846,-1.85289569720767E-12,0.106368460919848));
#638=CARTESIAN_POINT('',(-12.5992890494512,-1.86427724926151E-12,0.0736868016250561));
#639=CARTESIAN_POINT('',(-12.5996308584508,-1.87121587982004E-12,0.053239919803093));
#640=CARTESIAN_POINT('',(-12.5998222732337,-1.87709764560727E-12,0.0368704529072858));
#641=CARTESIAN_POINT('',(-12.5999248134297,-1.88093347996581E-12,0.0245859471045947));
#642=CARTESIAN_POINT('',(-12.5999760787425,-1.88567622870672E-12,0.0143475220451639));
#643=CARTESIAN_POINT('',(-12.599994019937,-1.88604752490068E-12,0.00717039347669601));
#644=CARTESIAN_POINT('',(-12.5999991457737,-1.89085516501463E-12,0.003080141322674));
#645=CARTESIAN_POINT('',(-12.599999999946,-1.88463618947808E-12,0.00101271070050657));
#646=CARTESIAN_POINT('',(-12.6,-1.88498705263757E-12,1.82283405356956E-12));
#647=CARTESIAN_POINT('',(-12.6,-3.61400724163923E-20,0.));
#648=CARTESIAN_POINT('',(-9.7873599149753,1.07426289949691E-15,5.43051822800414));
#649=CARTESIAN_POINT('',(-12.6,-1.82828442423629E-12,-1.89043742330557E-12));
#650=CARTESIAN_POINT('',(-12.599999999946,-1.82793989794995E-12,-0.00101271070057417));
#651=CARTESIAN_POINT('',(-12.5999991457737,-1.82030219958444E-12,-0.00308014132274161));
#652=CARTESIAN_POINT('',(-12.5999940199369,-1.82229922933597E-12,-0.00717039347676361));
#653=CARTESIAN_POINT('',(-12.5999760787425,-1.81773697078244E-12,-0.0143475220452315));
#654=CARTESIAN_POINT('',(-12.5999248134297,-1.81545960849671E-12,-0.0245859471046627));
#655=CARTESIAN_POINT('',(-12.5998222732337,-1.81085527469697E-12,-0.0368704529073523));
#656=CARTESIAN_POINT('',(-12.5996308584508,-1.80548188840713E-12,-0.0532399198031597));
#657=CARTESIAN_POINT('',(-12.5992890494512,-1.7984036251803E-12,-0.0736868016251243));
#658=CARTESIAN_POINT('',(-12.5985235721846,-1.78736130676006E-12,-0.106368460919914));
#659=CARTESIAN_POINT('',(-12.5971573838115,-1.77345561722718E-12,-0.147158758105547));
#660=CARTESIAN_POINT('',(-12.5948658989135,-1.75671341250348E-12,-0.196008494318497));
#661=CARTESIAN_POINT('',(-12.5919267969235,-1.74027455098205E-12,-0.244760338912006));
#662=CARTESIAN_POINT('',(-12.587152526481,-1.71825620492687E-12,-0.309633468474337));
#663=CARTESIAN_POINT('',(-12.5795984797694,-1.69082953866322E-12,-0.390485086645994));
#664=CARTESIAN_POINT('',(-12.5680705915778,-1.65752383293147E-12,-0.487134676441165));
#665=CARTESIAN_POINT('',(-12.5541754750857,-1.62505845271562E-12,-0.583426406158636));
#666=CARTESIAN_POINT('',(-12.53802338871,-1.59287518061315E-12,-0.679376914373121));
#667=CARTESIAN_POINT('',(-12.5197443065871,-1.55955801128647E-12,-0.775005960316891));
#668=CARTESIAN_POINT('',(-12.4994411362504,-1.52716572821409E-12,-0.870328689444964));
#669=CARTESIAN_POINT('',(-12.4771855025252,-1.49512410784943E-12,-0.96535746581078));
#670=CARTESIAN_POINT('',(-12.4530458939003,-1.4624221857445E-12,-1.06009691021846));
#671=CARTESIAN_POINT('',(-12.4314025853827,-1.43624823391275E-12,-1.13882966923571));
#672=CARTESIAN_POINT('',(-12.4132072989248,-1.41488562159641E-12,-1.20165125765727));
#673=CARTESIAN_POINT('',(-12.3944835331272,-1.39357835893847E-12,-1.26419819883807));
#674=CARTESIAN_POINT('',(-12.3700879649518,-1.36705926324833E-12,-1.3419444793215));
#675=CARTESIAN_POINT('',(-12.339290941911,-1.33593459359727E-12,-1.43454444405144));
#676=CARTESIAN_POINT('',(-12.2962572424236,-1.29224370648537E-12,-1.55711893675088));
#677=CARTESIAN_POINT('',(-12.2389280232286,-1.24191397537385E-12,-1.70873223055252));
#678=CARTESIAN_POINT('',(-12.1649699128571,-1.18056621586122E-12,-1.88832684103882));
#679=CARTESIAN_POINT('',(-12.0862662080134,-1.12017341922845E-12,-2.06576899282455));
#680=CARTESIAN_POINT('',(-11.975480119691,-1.04116001176985E-12,-2.2997067939542));
#681=CARTESIAN_POINT('',(-11.856568791223,-9.61839739789289E-13,-2.52995704438137));
#682=CARTESIAN_POINT('',(-11.7305641027252,-8.8497651475254E-13,-2.75699722560171));
#683=CARTESIAN_POINT('',(-11.649036866542,-8.37714985053623E-13,-2.89762356877699));
#684=CARTESIAN_POINT('',(-11.5822256510208,-7.98757903098646E-13,-3.00943927462576));
#685=CARTESIAN_POINT('',(-11.5145187659962,-7.6199472527547E-13,-3.12058806463595));
#686=CARTESIAN_POINT('',(-11.4282674211108,-7.14345059248437E-13,-3.2583296664769));
#687=CARTESIAN_POINT('',(-11.3223710450409,-6.59350542523442E-13,-3.42184841991027));
#688=CARTESIAN_POINT('',(-11.1782074081537,-5.85095562753954E-13,-3.6376790472233));
#689=CARTESIAN_POINT('',(-10.992824464347,-4.93784637153087E-13,-3.90363880387728));
#690=CARTESIAN_POINT('',(-10.7631211752115,-3.87697035401591E-13,-4.217435161914));
#691=CARTESIAN_POINT('',(-10.5270336375835,-2.82578738624133E-13,-4.52651156807562));
#692=CARTESIAN_POINT('',(-10.2046772015164,-1.44155456969284E-13,-4.933014608608));
#693=CARTESIAN_POINT('',(-9.95560030797277,-4.20753012105646E-14,-5.23248784857822));
#694=CARTESIAN_POINT('',(-9.78735991497623,2.54067213893523E-14,-5.43051822800492));
#695=CARTESIAN_POINT('',(-9.7873599149753,-9.01290170707632E-17,-5.43051822800414));
#696=CARTESIAN_POINT('',(-9.78735991332303,5.430518229949,2.27862521445404E-14));
#697=CARTESIAN_POINT('',(-9.78735991332303,5.430518229949,-0.177713293504073));
#698=CARTESIAN_POINT('',(-9.78735991332303,5.4130572504268,-0.533139562432589));
#699=CARTESIAN_POINT('',(-9.78735991332303,5.33473508074379,-1.0611447956726));
#700=CARTESIAN_POINT('',(-9.78735991332303,5.20503649597037,-1.57893055604818));
#701=CARTESIAN_POINT('',(-9.78735991332303,5.0252105643784,-2.0815103703659));
#702=CARTESIAN_POINT('',(-9.78735991332303,4.79698910799183,-2.56404409703664));
#703=CARTESIAN_POINT('',(-9.78735991332303,4.52257002419478,-3.02188467871977));
#704=CARTESIAN_POINT('',(-9.78735991332303,4.20459611877467,-3.45062285866401));
#705=CARTESIAN_POINT('',(-9.78735991332303,3.84612965427149,-3.84612965427147));
#706=CARTESIAN_POINT('',(-9.78735991332303,3.45062285866403,-4.20459611877465));
#707=CARTESIAN_POINT('',(-9.78735991332303,3.02188467871977,-4.52257002419478));
#708=CARTESIAN_POINT('',(-9.78735991332303,2.56404409703669,-4.7969891079918));
#709=CARTESIAN_POINT('',(-9.78735991332303,2.08151037036589,-5.02521056437841));
#710=CARTESIAN_POINT('',(-9.78735991332303,1.57893055604818,-5.20503649597037));
#711=CARTESIAN_POINT('',(-9.78735991332303,1.06114479567262,-5.33473508074378));
#712=CARTESIAN_POINT('',(-9.78735991332303,0.533139562432572,-5.4130572504268));
#713=CARTESIAN_POINT('',(-9.78735991332303,0.177713293504095,-5.430518229949));
#714=CARTESIAN_POINT('',(-9.78735991332303,-9.97570015202758E-16,-5.430518229949));
#715=CARTESIAN_POINT('',(-9.78735991332834,5.43051822999913,-2.01195750078573E-15));
#716=CARTESIAN_POINT('',(-9.78735991332303,8.77324426275136E-15,5.430518229949));
#717=CARTESIAN_POINT('',(-9.78735991332303,0.177713293504105,5.430518229949));
#718=CARTESIAN_POINT('',(-9.78735991332303,0.533139562432623,5.41305725042679));
#719=CARTESIAN_POINT('',(-9.78735991332303,1.06114479567261,5.33473508074378));
#720=CARTESIAN_POINT('',(-9.78735991332303,1.57893055604822,5.20503649597036));
#721=CARTESIAN_POINT('',(-9.78735991332303,2.0815103703659,5.0252105643784));
#722=CARTESIAN_POINT('',(-9.78735991332303,2.56404409703666,4.79698910799182));
#723=CARTESIAN_POINT('',(-9.78735991332303,3.02188467871978,4.52257002419477));
#724=CARTESIAN_POINT('',(-9.78735991332303,3.45062285866403,4.20459611877465));
#725=CARTESIAN_POINT('',(-9.78735991332303,3.84612965427148,3.84612965427148));
#726=CARTESIAN_POINT('',(-9.78735991332303,4.20459611877466,3.45062285866402));
#727=CARTESIAN_POINT('',(-9.78735991332303,4.52257002419478,3.02188467871976));
#728=CARTESIAN_POINT('',(-9.78735991332303,4.79698910799182,2.56404409703666));
#729=CARTESIAN_POINT('',(-9.78735991332303,5.02521056437841,2.08151037036588));
#730=CARTESIAN_POINT('',(-9.78735991332303,5.20503649597036,1.5789305560482));
#731=CARTESIAN_POINT('',(-9.78735991332303,5.33473508074379,1.0611447956726));
#732=CARTESIAN_POINT('',(-9.78735991332303,5.41305725042679,0.533139562432605));
#733=CARTESIAN_POINT('',(-9.78735991332303,5.430518229949,0.177713293504093));
#734=CARTESIAN_POINT('',(-9.78735991332303,5.430518229949,-2.69382164794321E-15));
#735=CARTESIAN_POINT('',(-10.40220454972,0.,0.));
#736=CARTESIAN_POINT('',(-9.78735991332303,-9.97570015202758E-16,-5.430518229949));
#737=CARTESIAN_POINT('',(-9.78735991332303,-0.177713293504097,-5.430518229949));
#738=CARTESIAN_POINT('',(-9.78735991332303,-0.533139562432611,-5.41305725042679));
#739=CARTESIAN_POINT('',(-9.78735991332303,-1.0611447956726,-5.33473508074379));
#740=CARTESIAN_POINT('',(-9.78735991332303,-1.57893055604821,-5.20503649597036));
#741=CARTESIAN_POINT('',(-9.78735991332303,-2.08151037036589,-5.0252105643784));
#742=CARTESIAN_POINT('',(-9.78735991332303,-2.56404409703665,-4.79698910799182));
#743=CARTESIAN_POINT('',(-9.78735991332303,-3.02188467871977,-4.52257002419477));
#744=CARTESIAN_POINT('',(-9.78735991332302,-3.45062285866402,-4.20459611877466));
#745=CARTESIAN_POINT('',(-9.78735991332303,-3.84612965427148,-3.84612965427149));
#746=CARTESIAN_POINT('',(-9.78735991332303,-4.20459611877465,-3.45062285866403));
#747=CARTESIAN_POINT('',(-9.78735991332303,-4.52257002419477,-3.02188467871978));
#748=CARTESIAN_POINT('',(-9.78735991332303,-4.79698910799182,-2.56404409703666));
#749=CARTESIAN_POINT('',(-9.78735991332303,-5.0252105643784,-2.0815103703659));
#750=CARTESIAN_POINT('',(-9.78735991332303,-5.20503649597036,-1.57893055604821));
#751=CARTESIAN_POINT('',(-9.78735991332303,-5.33473508074378,-1.06114479567261));
#752=CARTESIAN_POINT('',(-9.78735991332303,-5.41305725042679,-0.53313956243262));
#753=CARTESIAN_POINT('',(-9.78735991332303,-5.430518229949,-0.177713293504107));
#754=CARTESIAN_POINT('',(-9.78735991332303,-5.430518229949,-1.13931260722702E-14));
#755=CARTESIAN_POINT('',(-9.78735991332303,-5.430518229949,6.65046676801839E-16));
#756=CARTESIAN_POINT('',(-9.78735991332303,-5.430518229949,-1.13931260722702E-14));
#757=CARTESIAN_POINT('',(-9.78735991332303,-5.430518229949,0.177713293504085));
#758=CARTESIAN_POINT('',(-9.78735991332303,-5.41305725042679,0.533139562432599));
#759=CARTESIAN_POINT('',(-9.78735991332303,-5.33473508074378,1.0611447956726));
#760=CARTESIAN_POINT('',(-9.78735991332303,-5.20503649597037,1.57893055604819));
#761=CARTESIAN_POINT('',(-9.78735991332303,-5.0252105643784,2.08151037036589));
#762=CARTESIAN_POINT('',(-9.78735991332303,-4.79698910799182,2.56404409703665));
#763=CARTESIAN_POINT('',(-9.78735991332303,-4.52257002419478,3.02188467871977));
#764=CARTESIAN_POINT('',(-9.78735991332302,-4.20459611877466,3.45062285866402));
#765=CARTESIAN_POINT('',(-9.78735991332303,-3.84612965427149,3.84612965427148));
#766=CARTESIAN_POINT('',(-9.78735991332303,-3.45062285866402,4.20459611877466));
#767=CARTESIAN_POINT('',(-9.78735991332303,-3.02188467871977,4.52257002419477));
#768=CARTESIAN_POINT('',(-9.78735991332303,-2.56404409703666,4.79698910799182));
#769=CARTESIAN_POINT('',(-9.78735991332303,-2.08151037036589,5.0252105643784));
#770=CARTESIAN_POINT('',(-9.78735991332303,-1.5789305560482,5.20503649597037));
#771=CARTESIAN_POINT('',(-9.78735991332303,-1.0611447956726,5.33473508074378));
#772=CARTESIAN_POINT('',(-9.78735991332303,-0.533139562432605,5.41305725042679));
#773=CARTESIAN_POINT('',(-9.78735991332303,-0.177713293504088,5.430518229949));
#774=CARTESIAN_POINT('',(-9.78735991332303,8.77324426275136E-15,5.430518229949));
#775=CARTESIAN_POINT('',(-10.6892488732723,1.14656055941589E-12,5.9129657658194));
#776=CARTESIAN_POINT('',(-10.6892488732723,-0.193501352194911,5.91296576581944));
#777=CARTESIAN_POINT('',(-10.6892488732723,-0.580503710249143,5.89395355192378));
#778=CARTESIAN_POINT('',(-10.6892488732723,-1.15541695722121,5.80867323641256));
#779=CARTESIAN_POINT('',(-10.6892488732723,-1.71920283280195,5.66745222229092));
#780=CARTESIAN_POINT('',(-10.6892488732723,-2.26643186524736,5.47165054512413));
#781=CARTESIAN_POINT('',(-10.6892488732723,-2.79183391452541,5.22315388209926));
#782=CARTESIAN_POINT('',(-10.6892488732723,-3.29034907846777,4.92435539192397));
#783=CARTESIAN_POINT('',(-10.6892488732723,-3.75717638171281,4.578132667396));
#784=CARTESIAN_POINT('',(-10.6892488732723,-4.18782002262328,4.18782002262657));
#785=CARTESIAN_POINT('',(-10.6892488732723,-4.5781326673931,3.75717638171635));
#786=CARTESIAN_POINT('',(-10.6892488732723,-4.92435539192143,3.29034907847157));
#787=CARTESIAN_POINT('',(-10.6892488732723,-5.22315388209709,2.79183391452948));
#788=CARTESIAN_POINT('',(-10.6892488732723,-5.4716505451224,2.26643186525155));
#789=CARTESIAN_POINT('',(-10.6892488732723,-5.66745222228958,1.71920283280636));
#790=CARTESIAN_POINT('',(-10.6892488732723,-5.80867323641167,1.1554169572257));
#791=CARTESIAN_POINT('',(-10.6892488732723,-5.89395355192334,0.580503710253707));
#792=CARTESIAN_POINT('',(-10.6892488732723,-5.91296576581928,0.193501352199506));
#793=CARTESIAN_POINT('',(-10.6892488732723,-5.9129657658194,3.4485102085496E-12));
#794=CARTESIAN_POINT('',(-10.6892488732269,-5.91296576584321,1.7233042268712E-12));
#795=CARTESIAN_POINT('',(-10.6892488732723,-5.9129657658194,-1.24052920142082E-14));
#796=CARTESIAN_POINT('',(-10.6892488732723,-5.9129657658194,-0.193501352196047));
#797=CARTESIAN_POINT('',(-10.6892488732723,-5.89395355192368,-0.580503710250224));
#798=CARTESIAN_POINT('',(-10.6892488732723,-5.80867323641236,-1.15541695722218));
#799=CARTESIAN_POINT('',(-10.6892488732723,-5.66745222229064,-1.71920283280287));
#800=CARTESIAN_POINT('',(-10.6892488732723,-5.47165054512381,-2.26643186524814));
#801=CARTESIAN_POINT('',(-10.6892488732723,-5.22315388209888,-2.79183391452612));
#802=CARTESIAN_POINT('',(-10.6892488732723,-4.92435539192356,-3.29034907846837));
#803=CARTESIAN_POINT('',(-10.6892488732723,-4.57813266739559,-3.7571763817133));
#804=CARTESIAN_POINT('',(-10.6892488732723,-4.18782002262613,-4.18782002262371));
#805=CARTESIAN_POINT('',(-10.6892488732723,-3.75717638171595,-4.57813266739342));
#806=CARTESIAN_POINT('',(-10.6892488732723,-3.29034907847122,-4.92435539192166));
#807=CARTESIAN_POINT('',(-10.6892488732723,-2.79183391452914,-5.22315388209727));
#808=CARTESIAN_POINT('',(-10.6892488732723,-2.2664318652513,-5.4716505451225));
#809=CARTESIAN_POINT('',(-10.6892488732723,-1.71920283280614,-5.66745222228965));
#810=CARTESIAN_POINT('',(-10.6892488732723,-1.15541695722555,-5.80867323641169));
#811=CARTESIAN_POINT('',(-10.6892488732723,-0.580503710253625,-5.89395355192334));
#812=CARTESIAN_POINT('',(-10.6892488732723,-0.193501352199465,-5.91296576581929));
#813=CARTESIAN_POINT('',(-10.6892488732723,-3.43049108321583E-12,-5.9129657658194));
#814=CARTESIAN_POINT('',(-9.787359913323,5.51966257336297E-15,5.4305182299505));
#815=CARTESIAN_POINT('',(-9.787359913323,-10.861036459895,5.43051822994756));
#816=CARTESIAN_POINT('',(-9.78735991332301,-10.8610364598951,-5.43051822994749));
#817=CARTESIAN_POINT('',(-9.787359913323,-3.55678239835166E-15,-5.43051822995045));
#818=CARTESIAN_POINT('',(-9.95560030640205,5.82763298958914E-14,5.23248785045281));
#819=CARTESIAN_POINT('',(-9.95560030640206,-10.4649757008998,5.23248785044997));
#820=CARTESIAN_POINT('',(-9.95560030640206,-10.4649757008998,-5.23248785044991));
#821=CARTESIAN_POINT('',(-9.95560030640206,5.14006882782739E-14,-5.23248785045275));
#822=CARTESIAN_POINT('',(-10.2046772000745,1.38179490836105E-13,4.93301461037991));
#823=CARTESIAN_POINT('',(-10.2046772000745,-9.86602922075427,4.93301461037723));
#824=CARTESIAN_POINT('',(-10.2046772000746,-9.86602922075427,-4.93301461037717));
#825=CARTESIAN_POINT('',(-10.2046772000745,1.34382113455506E-13,-4.93301461037985));
#826=CARTESIAN_POINT('',(-10.5270336363121,2.48373904881327E-13,4.52651156970945));
#827=CARTESIAN_POINT('',(-10.5270336363121,-9.05302313941369,4.526511569707));
#828=CARTESIAN_POINT('',(-10.5270336363121,-9.05302313941369,-4.52651156970694));
#829=CARTESIAN_POINT('',(-10.5270336363121,2.45265289377563E-13,-4.5265115697094));
#830=CARTESIAN_POINT('',(-10.7631211740676,3.28861465671809E-13,4.21743516344412));
#831=CARTESIAN_POINT('',(-10.7631211740676,-8.43487032688329,4.21743516344183));
#832=CARTESIAN_POINT('',(-10.7631211740676,-8.43487032688328,-4.21743516344179));
#833=CARTESIAN_POINT('',(-10.7631211740676,3.32857664012349E-13,-4.21743516344407));
#834=CARTESIAN_POINT('',(-10.992824463329,4.12805458298453E-13,3.90363880530255));
#835=CARTESIAN_POINT('',(-10.9928244633291,-7.80727761060039,3.90363880530042));
#836=CARTESIAN_POINT('',(-10.9928244633291,-7.80727761060039,-3.90363880530038));
#837=CARTESIAN_POINT('',(-10.992824463329,4.1954711868422E-13,-3.9036388053025));
#838=CARTESIAN_POINT('',(-11.1782074072394,4.82633812871209E-13,3.63767904856023));
#839=CARTESIAN_POINT('',(-11.1782074072394,-7.27535809711598,3.63767904855825));
#840=CARTESIAN_POINT('',(-11.1782074072394,-7.27535809711597,-3.63767904855822));
#841=CARTESIAN_POINT('',(-11.1782074072394,4.94327690658408E-13,-3.63767904856018));
#842=CARTESIAN_POINT('',(-11.3223710442084,5.40336233368237E-13,3.42184842117571));
#843=CARTESIAN_POINT('',(-11.3223710442084,-6.84369684234711,3.42184842117384));
#844=CARTESIAN_POINT('',(-11.3223710442084,-6.8436968423471,-3.42184842117381));
#845=CARTESIAN_POINT('',(-11.3223710442084,5.53969409825351E-13,-3.42184842117566));
#846=CARTESIAN_POINT('',(-11.4282674203392,5.84740251638892E-13,3.25832966768845));
#847=CARTESIAN_POINT('',(-11.4282674203392,-6.51665933537273,3.25832966768667));
#848=CARTESIAN_POINT('',(-11.4282674203392,-6.51665933537272,-3.25832966768664));
#849=CARTESIAN_POINT('',(-11.4282674203392,5.98463870789029E-13,-3.2583296676884));
#850=CARTESIAN_POINT('',(-11.5145187652749,6.21063963863303E-13,3.12058806580173));
#851=CARTESIAN_POINT('',(-11.5145187652749,-6.24117613159941,3.12058806580003));
#852=CARTESIAN_POINT('',(-11.5145187652749,-6.24117613159939,-3.1205880658));
#853=CARTESIAN_POINT('',(-11.5145187652749,6.37020733152659E-13,-3.12058806580168));
#854=CARTESIAN_POINT('',(-11.5822256503389,6.50599363035146E-13,3.00943927575566));
#855=CARTESIAN_POINT('',(-11.5822256503389,-6.01887855150736,3.00943927575401));
#856=CARTESIAN_POINT('',(-11.5822256503389,-6.01887855150734,-3.00943927575399));
#857=CARTESIAN_POINT('',(-11.5822256503389,6.67906725056266E-13,-3.00943927575561));
#858=CARTESIAN_POINT('',(-11.6490368659008,6.80272365100584E-13,2.89762356986808));
#859=CARTESIAN_POINT('',(-11.6490368659008,-5.79524713973228,2.89762356986649));
#860=CARTESIAN_POINT('',(-11.6490368659008,-5.79524713973226,-2.89762356986647));
#861=CARTESIAN_POINT('',(-11.6490368659008,6.99015926572321E-13,-2.89762356986803));
#862=CARTESIAN_POINT('',(-11.7305641021348,7.17601149131771E-13,2.75699722664258));
#863=CARTESIAN_POINT('',(-11.7305641021348,-5.5139944532814,2.75699722664106));
#864=CARTESIAN_POINT('',(-11.7305641021348,-5.51399445328138,-2.75699722664105));
#865=CARTESIAN_POINT('',(-11.7305641021348,7.38127281632965E-13,-2.75699722664253));
#866=CARTESIAN_POINT('',(-11.8565687907114,7.77870461930648E-13,2.52995704534176));
#867=CARTESIAN_POINT('',(-11.8565687907114,-5.05991409067995,2.52995704534037));
#868=CARTESIAN_POINT('',(-11.8565687907114,-5.05991409067993,-2.52995704534036));
#869=CARTESIAN_POINT('',(-11.8565687907114,8.01262541221786E-13,-2.52995704534171));
#870=CARTESIAN_POINT('',(-11.9754801192551,8.38921040342257E-13,2.29970679483247));
#871=CARTESIAN_POINT('',(-11.9754801192551,-4.59941358966154,2.29970679483119));
#872=CARTESIAN_POINT('',(-11.9754801192551,-4.59941358966152,-2.29970679483119));
#873=CARTESIAN_POINT('',(-11.9754801192551,8.65349542149233E-13,-2.29970679483241));
#874=CARTESIAN_POINT('',(-12.0862662076494,9.01140993765903E-13,2.06576899361908));
#875=CARTESIAN_POINT('',(-12.0862662076494,-4.13153798723496,2.06576899361793));
#876=CARTESIAN_POINT('',(-12.0862662076494,-4.13153798723493,-2.06576899361793));
#877=CARTESIAN_POINT('',(-12.0862662076494,9.3025798182842E-13,-2.06576899361903));
#878=CARTESIAN_POINT('',(-12.1649699125449,9.47810921220894E-13,1.8883268417696));
#879=CARTESIAN_POINT('',(-12.1649699125449,-3.77665368353615,1.88832684176854));
#880=CARTESIAN_POINT('',(-12.1649699125449,-3.77665368353611,-1.88832684176855));
#881=CARTESIAN_POINT('',(-12.1649699125449,9.80008046769755E-13,-1.88832684176955));
#882=CARTESIAN_POINT('',(-12.2389280229659,9.97032454842244E-13,1.70873223121852));
#883=CARTESIAN_POINT('',(-12.2389280229659,-3.41746446243414,1.70873223121756));
#884=CARTESIAN_POINT('',(-12.2389280229659,-3.4174644624341,-1.70873223121757));
#885=CARTESIAN_POINT('',(-12.2389280229659,1.02836855889059E-12,-1.70873223121847));
#886=CARTESIAN_POINT('',(-12.2962572422001,1.03738457850188E-12,1.55711893736192));
#887=CARTESIAN_POINT('',(-12.2962572422001,-3.11423787472106,1.55711893736104));
#888=CARTESIAN_POINT('',(-12.2962572422001,-3.11423787472103,-1.55711893736106));
#889=CARTESIAN_POINT('',(-12.2962572422001,1.07038816080362E-12,-1.55711893736187));
#890=CARTESIAN_POINT('',(-12.3392909417175,1.06935030244322E-12,1.4345444446179));
#891=CARTESIAN_POINT('',(-12.3392909417175,-2.86908888923312,1.43454444461709));
#892=CARTESIAN_POINT('',(-12.3392909417175,-2.86908888923309,-1.4345444446171));
#893=CARTESIAN_POINT('',(-12.3392909417175,1.10501293799167E-12,-1.43454444461785));
#894=CARTESIAN_POINT('',(-12.3700879647798,1.09417658397327E-12,1.3419444798541));
#895=CARTESIAN_POINT('',(-12.3700879647798,-2.68388895970559,1.34194447985333));
#896=CARTESIAN_POINT('',(-12.3700879647798,-2.68388895970556,-1.34194447985335));
#897=CARTESIAN_POINT('',(-12.3700879647798,1.13049075435311E-12,-1.34194447985405));
#898=CARTESIAN_POINT('',(-12.3944835329723,1.11428917077712E-12,1.2641981993421));
#899=CARTESIAN_POINT('',(-12.3944835329723,-2.52839639868165,1.26419819934137));
#900=CARTESIAN_POINT('',(-12.3944835329723,-2.52839639868161,-1.26419819934139));
#901=CARTESIAN_POINT('',(-12.3944835329723,1.15261119497659E-12,-1.26419819934204));
#902=CARTESIAN_POINT('',(-12.4132072987831,1.13188372855739E-12,1.20165125813822));
#903=CARTESIAN_POINT('',(-12.4132072987831,-2.40330251627394,1.20165125813753));
#904=CARTESIAN_POINT('',(-12.4132072987831,-2.40330251627391,-1.20165125813755));
#905=CARTESIAN_POINT('',(-12.4132072987831,1.16899194144083E-12,-1.20165125813816));
#906=CARTESIAN_POINT('',(-12.4314025852539,1.14848253282825E-12,1.13882966969333));
#907=CARTESIAN_POINT('',(-12.4314025852539,-2.27765933938421,1.13882966969267));
#908=CARTESIAN_POINT('',(-12.4314025852539,-2.27765933938417,-1.13882966969269));
#909=CARTESIAN_POINT('',(-12.4314025852539,1.18651681819971E-12,-1.13882966969327));
#910=CARTESIAN_POINT('',(-12.4530458937877,1.16928734447971E-12,1.06009691064415));
#911=CARTESIAN_POINT('',(-12.4530458937877,-2.12019382128593,1.06009691064354));
#912=CARTESIAN_POINT('',(-12.4530458937877,-2.12019382128589,-1.06009691064356));
#913=CARTESIAN_POINT('',(-12.4530458937877,1.2084768401901E-12,-1.0600969106441));
#914=CARTESIAN_POINT('',(-12.4771855024304,1.19441394018892E-12,0.965357466199097));
#915=CARTESIAN_POINT('',(-12.4771855024304,-1.9307149323959,0.965357466198532));
#916=CARTESIAN_POINT('',(-12.4771855024304,-1.93071493239586,-0.965357466198559));
#917=CARTESIAN_POINT('',(-12.4771855024304,1.234806812635E-12,-0.965357466199043));
#918=CARTESIAN_POINT('',(-12.4994411361722,1.21974134470828E-12,0.870328689795411));
#919=CARTESIAN_POINT('',(-12.4994411361722,-1.7406573795886,0.870328689794897));
#920=CARTESIAN_POINT('',(-12.4994411361722,-1.74065737958856,-0.870328689794926));
#921=CARTESIAN_POINT('',(-12.4994411361722,1.26109052439473E-12,-0.870328689795357));
#922=CARTESIAN_POINT('',(-12.5197443065242,1.24505258023119E-12,0.775005960629348));
#923=CARTESIAN_POINT('',(-12.5197443065242,-1.55001192125656,0.775005960628885));
#924=CARTESIAN_POINT('',(-12.5197443065242,-1.55001192125651,-0.775005960628916));
#925=CARTESIAN_POINT('',(-12.5197443065242,1.28754737052237E-12,-0.775005960629294));
#926=CARTESIAN_POINT('',(-12.5380233886609,1.27069169888774E-12,0.679376914647374));
#927=CARTESIAN_POINT('',(-12.5380233886609,-1.35875382929269,0.679376914646962));
#928=CARTESIAN_POINT('',(-12.5380233886609,-1.35875382929264,-0.679376914646994));
#929=CARTESIAN_POINT('',(-12.5380233886609,1.31383991500257E-12,-0.67937691464732));
#930=CARTESIAN_POINT('',(-12.5541754750491,1.29576740227034E-12,0.583426406394458));
#931=CARTESIAN_POINT('',(-12.5541754750491,-1.16685281278693,0.583426406394096));
#932=CARTESIAN_POINT('',(-12.5541754750491,-1.16685281278689,-0.583426406394132));
#933=CARTESIAN_POINT('',(-12.5541754750491,1.34086754057091E-12,-0.583426406394404));
#934=CARTESIAN_POINT('',(-12.568070591552,1.32177651377895E-12,0.487134676638349));
#935=CARTESIAN_POINT('',(-12.568070591552,-0.974269353274794,0.487134676638039));
#936=CARTESIAN_POINT('',(-12.568070591552,-0.974269353274748,-0.487134676638076));
#937=CARTESIAN_POINT('',(-12.568070591552,1.36714397657843E-12,-0.487134676638295));
#938=CARTESIAN_POINT('',(-12.5795984797528,1.34714926917655E-12,0.390485086804267));
#939=CARTESIAN_POINT('',(-12.5795984797528,-0.780970173606708,0.390485086804008));
#940=CARTESIAN_POINT('',(-12.5795984797528,-0.780970173606661,-0.390485086804048));
#941=CARTESIAN_POINT('',(-12.5795984797528,1.39424787229597E-12,-0.390485086804213));
#942=CARTESIAN_POINT('',(-12.5871525264705,1.36864763175742E-12,0.309633468599952));
#943=CARTESIAN_POINT('',(-12.5871525264705,-0.619266937198145,0.309633468599736));
#944=CARTESIAN_POINT('',(-12.5871525264705,-0.619266937198097,-0.309633468599778));
#945=CARTESIAN_POINT('',(-12.5871525264705,1.41664575449961E-12,-0.309633468599898));
#946=CARTESIAN_POINT('',(-12.5919267969169,1.38598082657824E-12,0.244760339011338));
#947=CARTESIAN_POINT('',(-12.5919267969169,-0.489520678020971,0.244760339011157));
#948=CARTESIAN_POINT('',(-12.5919267969169,-0.489520678020922,-0.2447603390112));
#949=CARTESIAN_POINT('',(-12.5919267969169,1.43453199881375E-12,-0.244760339011284));
#950=CARTESIAN_POINT('',(-12.5948658989093,1.39896419098292E-12,0.196008494398047));
#951=CARTESIAN_POINT('',(-12.5948658989093,-0.392016988794429,0.196008494397892));
#952=CARTESIAN_POINT('',(-12.5948658989093,-0.39201698879438,-0.196008494397936));
#953=CARTESIAN_POINT('',(-12.5948658989093,1.44801501213932E-12,-0.196008494397994));
#954=CARTESIAN_POINT('',(-12.5971573838092,1.41184902598053E-12,0.147158758165235));
#955=CARTESIAN_POINT('',(-12.5971573838092,-0.294317516328844,0.147158758165105));
#956=CARTESIAN_POINT('',(-12.5971573838092,-0.294317516328794,-0.147158758165151));
#957=CARTESIAN_POINT('',(-12.5971573838092,1.46164883063401E-12,-0.147158758165181));
#958=CARTESIAN_POINT('',(-12.5985235721834,1.42290064363371E-12,0.106368460962997));
#959=CARTESIAN_POINT('',(-12.5985235721834,-0.212736921924402,0.106368460962889));
#960=CARTESIAN_POINT('',(-12.5985235721834,-0.212736921924352,-0.106368460962935));
#961=CARTESIAN_POINT('',(-12.5985235721834,1.47273997876803E-12,-0.106368460962943));
#962=CARTESIAN_POINT('',(-12.5992890494506,1.43142667188055E-12,0.0736868016548585));
#963=CARTESIAN_POINT('',(-12.5992890494506,-0.147373603308152,0.0736868016547679));
#964=CARTESIAN_POINT('',(-12.5992890494506,-0.147373603308101,-0.073686801654815));
#965=CARTESIAN_POINT('',(-12.5992890494506,1.48195455439616E-12,-0.0736868016548045));
#966=CARTESIAN_POINT('',(-12.5996308584505,1.43691464695246E-12,0.0532399198245429));
#967=CARTESIAN_POINT('',(-12.5996308584505,-0.106479839647537,0.0532399198244633));
#968=CARTESIAN_POINT('',(-12.5996308584505,-0.106479839647486,-0.0532399198245107));
#969=CARTESIAN_POINT('',(-12.5996308584505,1.4875655899072E-12,-0.0532399198244889));
#970=CARTESIAN_POINT('',(-12.5998222732335,1.44119295702538E-12,0.036870452922055));
#971=CARTESIAN_POINT('',(-12.5998222732335,-0.0737409058425748,0.036870452921984));
#972=CARTESIAN_POINT('',(-12.5998222732335,-0.0737409058425238,-0.036870452922032));
#973=CARTESIAN_POINT('',(-12.5998222732335,1.49217287205919E-12,-0.036870452922001));
#974=CARTESIAN_POINT('',(-12.5999248134296,1.44478189058103E-12,0.024585947114344));
#975=CARTESIAN_POINT('',(-12.5999248134296,-0.0491718942271626,0.0245859471142802));
#976=CARTESIAN_POINT('',(-12.5999248134296,-0.0491718942271121,-0.0245859471143272));
#977=CARTESIAN_POINT('',(-12.5999248134296,1.49525209798662E-12,-0.02458594711429));
#978=CARTESIAN_POINT('',(-12.5999760787425,1.44641703478992E-12,0.0143475220507153));
#979=CARTESIAN_POINT('',(-12.5999760787425,-0.0286950440999147,0.0143475220506548));
#980=CARTESIAN_POINT('',(-12.5999760787425,-0.0286950440998619,-0.0143475220507063));
#981=CARTESIAN_POINT('',(-12.5999760787425,1.49917443362761E-12,-0.0143475220506614));
#982=CARTESIAN_POINT('',(-12.5999940199369,1.45029420597558E-12,0.00717039347931508));
#983=CARTESIAN_POINT('',(-12.5999940199369,-0.0143407869571181,0.00717039347926228));
#984=CARTESIAN_POINT('',(-12.5999940199369,-0.0143407869570692,-0.00717039347930613));
#985=CARTESIAN_POINT('',(-12.5999940199369,1.49919302791028E-12,-0.00717039347926112));
#986=CARTESIAN_POINT('',(-12.5999991457737,1.44822603735328E-12,0.00308014132362187));
#987=CARTESIAN_POINT('',(-12.5999991457737,-0.00616028264573823,0.00308014132356495));
#988=CARTESIAN_POINT('',(-12.5999991457737,-0.00616028264568297,-0.00308014132362151));
#989=CARTESIAN_POINT('',(-12.5999991457737,1.50348139007707E-12,-0.00308014132356792));
#990=CARTESIAN_POINT('',(-12.599999999946,1.45522775311995E-12,0.00101271070060199));
#991=CARTESIAN_POINT('',(-12.599999999946,-0.0020254213996937,0.00101271070055907));
#992=CARTESIAN_POINT('',(-12.599999999946,-0.00202542139965133,-0.00101271070058986));
#993=CARTESIAN_POINT('',(-12.599999999946,1.49760187570965E-12,-0.00101271070054804));
#994=CARTESIAN_POINT('',(-12.6,1.45549697517838E-12,1.50366579006642E-12));
#995=CARTESIAN_POINT('',(-12.6,-1.49788235249045E-12,1.46128041275276E-12));
#996=CARTESIAN_POINT('',(-12.6,-1.45549697517759E-12,-1.49209891491608E-12));
#997=CARTESIAN_POINT('',(-12.6,1.49788235249126E-12,-1.44971353760402E-12));
#998=CARTESIAN_POINT('',(-10.6892488732539,1.07150501291104E-14,-5.9129657658358));
#999=CARTESIAN_POINT('',(-10.689248873254,-11.8259315316672,-5.91296576583243));
#1000=CARTESIAN_POINT('',(-10.689248873254,-11.8259315316661,5.91296576583477));
#1001=CARTESIAN_POINT('',(-10.6892488732539,1.14888247411848E-12,5.91296576583586));
#1002=CARTESIAN_POINT('',(-10.8692428266768,7.30573739093386E-14,-5.69834920871766));
#1003=CARTESIAN_POINT('',(-10.8692428266768,-11.396698417431,-5.69834920871442));
#1004=CARTESIAN_POINT('',(-10.8692428266768,-11.3966984174299,5.69834920871667));
#1005=CARTESIAN_POINT('',(-10.8692428266768,1.1678812873008E-12,5.69834920871772));
#1006=CARTESIAN_POINT('',(-11.2232971269748,1.97218453146228E-13,-5.26518159133411));
#1007=CARTESIAN_POINT('',(-11.2232971269748,-10.5303631826641,-5.26518159133112));
#1008=CARTESIAN_POINT('',(-11.2232971269748,-10.5303631826631,5.2651815913332));
#1009=CARTESIAN_POINT('',(-11.2232971269748,1.2078684000813E-12,5.26518159133417));
#1010=CARTESIAN_POINT('',(-11.6456337812299,3.61560771230688E-13,-4.71030696918773));
#1011=CARTESIAN_POINT('',(-11.6456337812299,-9.4206139383716,-4.71030696918506));
#1012=CARTESIAN_POINT('',(-11.6456337812299,-9.42061393837071,4.71030696918691));
#1013=CARTESIAN_POINT('',(-11.6456337812299,1.25370952332019E-12,4.71030696918779));
#1014=CARTESIAN_POINT('',(-11.9677434505293,4.91000766635727E-13,-4.25595725392418));
#1015=CARTESIAN_POINT('',(-11.9677434505293,-8.51191450784472,-4.25595725392177));
#1016=CARTESIAN_POINT('',(-11.9677434505293,-8.51191450784392,4.25595725392344));
#1017=CARTESIAN_POINT('',(-11.9677434505293,1.29630975084653E-12,4.25595725392424));
#1018=CARTESIAN_POINT('',(-12.2003861795282,5.94713092734056E-13,-3.90926720241888));
#1019=CARTESIAN_POINT('',(-12.2003861795282,-7.81853440483428,-3.90926720241668));
#1020=CARTESIAN_POINT('',(-12.2003861795282,-7.81853440483355,3.9092672024182));
#1021=CARTESIAN_POINT('',(-12.2003861795282,1.32383616033165E-12,3.90926720241894));
#1022=CARTESIAN_POINT('',(-12.4229165896329,6.94133977982187E-13,-3.5558720609686));
#1023=CARTESIAN_POINT('',(-12.4229165896329,-7.11174412193389,-3.5558720609666));
#1024=CARTESIAN_POINT('',(-12.4229165896329,-7.11174412193323,3.55587206096799));
#1025=CARTESIAN_POINT('',(-12.4229165896329,1.35815219352578E-12,3.55587206096866));
#1026=CARTESIAN_POINT('',(-12.6339751851299,7.99684071296853E-13,-3.19486907805402));
#1027=CARTESIAN_POINT('',(-12.6339751851299,-6.38973815610489,-3.19486907805222));
#1028=CARTESIAN_POINT('',(-12.6339751851299,-6.3897381561043,3.19486907805347));
#1029=CARTESIAN_POINT('',(-12.6339751851299,1.38917355419409E-12,3.19486907805408));
#1030=CARTESIAN_POINT('',(-12.7989696864992,8.89235661872857E-13,-2.88681693189749));
#1031=CARTESIAN_POINT('',(-12.7989696864992,-5.77363386379198,-2.88681693189588));
#1032=CARTESIAN_POINT('',(-12.7989696864992,-5.77363386379145,2.88681693189699));
#1033=CARTESIAN_POINT('',(-12.7989696864992,1.41612015639803E-12,2.88681693189755));
#1034=CARTESIAN_POINT('',(-12.9234726606934,9.63477887044805E-13,-2.63539987628901));
#1035=CARTESIAN_POINT('',(-12.9234726606934,-5.27079975257514,-2.63539987628755));
#1036=CARTESIAN_POINT('',(-12.9234726606934,-5.27079975257467,2.63539987628856));
#1037=CARTESIAN_POINT('',(-12.9234726606934,1.43693022747651E-12,2.63539987628908));
#1038=CARTESIAN_POINT('',(-12.9979226667112,1.00782166887256E-12,-2.47604943756188));
#1039=CARTESIAN_POINT('',(-12.9979226667112,-4.95209887512095,-2.47604943756051));
#1040=CARTESIAN_POINT('',(-12.9979226667112,-4.95209887512051,2.47604943756146));
#1041=CARTESIAN_POINT('',(-12.9979226667112,1.45281924724597E-12,2.47604943756195));
#1042=CARTESIAN_POINT('',(-13.0481500327905,1.04025866193192E-12,-2.36322022776329));
#1043=CARTESIAN_POINT('',(-13.0481500327905,-4.72644045552382,-2.36322022776198));
#1044=CARTESIAN_POINT('',(-13.0481500327905,-4.7264404555234,2.36322022776289));
#1045=CARTESIAN_POINT('',(-13.0481500327905,1.46302370518224E-12,2.36322022776335));
#1046=CARTESIAN_POINT('',(-13.0762703312688,1.05993457795967E-12,-2.29841153283442));
#1047=CARTESIAN_POINT('',(-13.0762703312688,-4.59682306566611,-2.29841153283315));
#1048=CARTESIAN_POINT('',(-13.0762703312688,-4.5968230656657,2.29841153283402));
#1049=CARTESIAN_POINT('',(-13.0762703312688,1.46783888681392E-12,2.29841153283448));
#1050=CARTESIAN_POINT('',(-13.1177754136659,1.08762948992502E-12,-2.20105625729673));
#1051=CARTESIAN_POINT('',(-13.1177754136659,-4.40211251459078,-2.20105625729552));
#1052=CARTESIAN_POINT('',(-13.1177754136659,-4.4021125145904,2.20105625729636));
#1053=CARTESIAN_POINT('',(-13.1177754136659,1.47693235253009E-12,2.2010562572968));
#1054=CARTESIAN_POINT('',(-13.1775380720101,1.13085034620834E-12,-2.05432213617284));
#1055=CARTESIAN_POINT('',(-13.1775380720101,-4.10864427234307,-2.05432213617171));
#1056=CARTESIAN_POINT('',(-13.1775380720101,-4.10864427234271,2.05432213617249));
#1057=CARTESIAN_POINT('',(-13.1775380720101,1.48915138244374E-12,2.05432213617291));
#1058=CARTESIAN_POINT('',(-13.2515862020924,1.1887268636437E-12,-1.85714359842141));
#1059=CARTESIAN_POINT('',(-13.2515862020924,-3.71428719684029,-1.85714359842039));
#1060=CARTESIAN_POINT('',(-13.2515862020924,-3.71428719683997,1.85714359842109));
#1061=CARTESIAN_POINT('',(-13.2515862020924,1.50575679359776E-12,1.85714359842147));
#1062=CARTESIAN_POINT('',(-13.3196867737664,1.24513652375811E-12,-1.65833353117189));
#1063=CARTESIAN_POINT('',(-13.3196867737664,-3.31666706234134,-1.65833353117098));
#1064=CARTESIAN_POINT('',(-13.3196867737664,-3.31666706234106,1.6583335311716));
#1065=CARTESIAN_POINT('',(-13.3196867737664,1.52442738849079E-12,1.65833353117195));
#1066=CARTESIAN_POINT('',(-13.3814952700701,1.30292672632305E-12,-1.4578010648965));
#1067=CARTESIAN_POINT('',(-13.3814952700701,-2.91560212979066,-1.45780106489571));
#1068=CARTESIAN_POINT('',(-13.3814952700701,-2.91560212979042,1.45780106489625));
#1069=CARTESIAN_POINT('',(-13.3814952700701,1.54234905537013E-12,1.45780106489656));
#1070=CARTESIAN_POINT('',(-13.4366393815292,1.36257460430583E-12,-1.25544332771792));
#1071=CARTESIAN_POINT('',(-13.4366393815292,-2.51088665543359,-1.25544332771725));
#1072=CARTESIAN_POINT('',(-13.4366393815292,-2.51088665543339,1.2554433277177));
#1073=CARTESIAN_POINT('',(-13.4366393815292,1.55908239458461E-12,1.25544332771798));
#1074=CARTESIAN_POINT('',(-13.4847126075,1.42149550116438E-12,-1.05114916630912));
#1075=CARTESIAN_POINT('',(-13.4847126075,-2.10229833261609,-1.05114916630857));
#1076=CARTESIAN_POINT('',(-13.4847126075,-2.10229833261594,1.05114916630895));
#1077=CARTESIAN_POINT('',(-13.4847126075,1.57725282206657E-12,1.05114916630919));
#1078=CARTESIAN_POINT('',(-13.5185109485895,1.47087141260479E-12,-0.879189136162232));
#1079=CARTESIAN_POINT('',(-13.5185109485895,-1.75837827232239,-0.879189136161779));
#1080=CARTESIAN_POINT('',(-13.5185109485895,-1.75837827232227,0.879189136162085));
#1081=CARTESIAN_POINT('',(-13.5185109485895,1.59274854924226E-12,0.879189136162295));
#1082=CARTESIAN_POINT('',(-13.5415469302308,1.51119228531998E-12,-0.740524506377527));
#1083=CARTESIAN_POINT('',(-13.5415469302308,-1.48104901275305,-0.740524506377155));
#1084=CARTESIAN_POINT('',(-13.5415469302308,-1.48104901275295,0.740524506377404));
#1085=CARTESIAN_POINT('',(-13.5415469302308,1.60472712859252E-12,0.74052450637759));
#1086=CARTESIAN_POINT('',(-13.5567559894404,1.54155747669607E-12,-0.635960924077264));
#1087=CARTESIAN_POINT('',(-13.5567559894404,-1.27192184815257,-0.635960924076952));
#1088=CARTESIAN_POINT('',(-13.5567559894404,-1.2719218481525,0.63596092407716));
#1089=CARTESIAN_POINT('',(-13.5567559894404,1.61379374593539E-12,0.635960924077327));
#1090=CARTESIAN_POINT('',(-13.5676498242146,1.56711112367392E-12,-0.548333194850417));
#1091=CARTESIAN_POINT('',(-13.5676498242146,-1.09666638969892,-0.548333194850156));
#1092=CARTESIAN_POINT('',(-13.5676498242146,-1.09666638969886,0.548333194850327));
#1093=CARTESIAN_POINT('',(-13.5676498242146,1.62128018338509E-12,0.548333194850479));
#1094=CARTESIAN_POINT('',(-13.5752591944531,1.58688864132737E-12,-0.477936821113013));
#1095=CARTESIAN_POINT('',(-13.5752591944531,-0.955873642224143,-0.477936821112792));
#1096=CARTESIAN_POINT('',(-13.5752591944531,-0.955873642224101,0.477936821112937));
#1097=CARTESIAN_POINT('',(-13.5752591944531,1.62804252983005E-12,0.477936821113076));
#1098=CARTESIAN_POINT('',(-13.5804062182063,1.60270100156248E-12,-0.424962644709621));
#1099=CARTESIAN_POINT('',(-13.5804062182063,-0.849925289417383,-0.424962644709432));
#1100=CARTESIAN_POINT('',(-13.5804062182063,-0.849925289417353,0.424962644709554));
#1101=CARTESIAN_POINT('',(-13.5804062182063,1.63220017266166E-12,0.424962644709684));
#1102=CARTESIAN_POINT('',(-13.58497206509,1.6180565007096E-12,-0.371938885365448));
#1103=CARTESIAN_POINT('',(-13.58497206509,-0.743877770729061,-0.37193888536529));
#1104=CARTESIAN_POINT('',(-13.58497206509,-0.743877770729043,0.37193888536539));
#1105=CARTESIAN_POINT('',(-13.58497206509,1.63683176343762E-12,0.371938885365511));
#1106=CARTESIAN_POINT('',(-13.5889486508802,1.63324315293778E-12,-0.318892951892545));
#1107=CARTESIAN_POINT('',(-13.5889486508802,-0.637785903783279,-0.318892951892416));
#1108=CARTESIAN_POINT('',(-13.5889486508802,-0.63778590378327,0.318892951892496));
#1109=CARTESIAN_POINT('',(-13.5889486508802,1.64163894067373E-12,0.318892951892608));
#1110=CARTESIAN_POINT('',(-13.5923306297633,1.64860309680685E-12,-0.265817142291319));
#1111=CARTESIAN_POINT('',(-13.5923306297633,-0.531634284580852,-0.265817142291221));
#1112=CARTESIAN_POINT('',(-13.5923306297633,-0.531634284580854,0.265817142291279));
#1113=CARTESIAN_POINT('',(-13.5923306297633,1.6462824525919E-12,0.265817142291382));
#1114=CARTESIAN_POINT('',(-13.5951118149827,1.66397897114066E-12,-0.212713158677415));
#1115=CARTESIAN_POINT('',(-13.5951118149827,-0.425426317353069,-0.212713158677348));
#1116=CARTESIAN_POINT('',(-13.5951118149827,-0.425426317353082,0.212713158677385));
#1117=CARTESIAN_POINT('',(-13.5951118149827,1.65091900222181E-12,0.212713158677478));
#1118=CARTESIAN_POINT('',(-13.5969237497766,1.6767329899848E-12,-0.168435670878048));
#1119=CARTESIAN_POINT('',(-13.5969237497766,-0.336871341754355,-0.168435670878006));
#1120=CARTESIAN_POINT('',(-13.5969237497766,-0.336871341754377,0.168435670878025));
#1121=CARTESIAN_POINT('',(-13.5969237497766,1.65484972282224E-12,0.168435670878111));
#1122=CARTESIAN_POINT('',(-13.598066757214,1.68699740798184E-12,-0.132999111147394));
#1123=CARTESIAN_POINT('',(-13.598066757214,-0.265998222293064,-0.132999111147373));
#1124=CARTESIAN_POINT('',(-13.598066757214,-0.265998222293093,0.132999111147378));
#1125=CARTESIAN_POINT('',(-13.598066757214,1.65793774540201E-12,0.132999111147457));
#1126=CARTESIAN_POINT('',(-13.5987699586116,1.69478190080962E-12,-0.106414353139866));
#1127=CARTESIAN_POINT('',(-13.5987699586116,-0.212828706278019,-0.10641435313986));
#1128=CARTESIAN_POINT('',(-13.5987699586116,-0.212828706278054,0.106414353139854));
#1129=CARTESIAN_POINT('',(-13.5987699586116,1.6601699255109E-12,0.106414353139929));
#1130=CARTESIAN_POINT('',(-13.5993183162909,1.70242017936672E-12,-0.0798222364185004));
#1131=CARTESIAN_POINT('',(-13.5993183162909,-0.159644472835301,-0.0798222364185102));
#1132=CARTESIAN_POINT('',(-13.5993183162909,-0.159644472835341,0.0798222364184934));
#1133=CARTESIAN_POINT('',(-13.5993183162909,1.6625506679566E-12,0.0798222364185633));
#1134=CARTESIAN_POINT('',(-13.5996455817853,1.70884550379378E-12,-0.0576559318772143));
#1135=CARTESIAN_POINT('',(-13.5996455817853,-0.115311863752739,-0.0576559318772369));
#1136=CARTESIAN_POINT('',(-13.5996455817853,-0.115311863752784,0.0576559318772111));
#1137=CARTESIAN_POINT('',(-13.5996455817853,1.66447651086299E-12,0.0576559318772772));
#1138=CARTESIAN_POINT('',(-13.5998291739119,1.71397461159115E-12,-0.0399192405810437));
#1139=CARTESIAN_POINT('',(-13.5998291739119,-0.0798384811604063,-0.0399192405810766));
#1140=CARTESIAN_POINT('',(-13.5998291739119,-0.0798384811604542,0.0399192405810437));
#1141=CARTESIAN_POINT('',(-13.5998291739119,1.66602949683965E-12,0.0399192405811067));
#1142=CARTESIAN_POINT('',(-13.599911243214,1.71721400176752E-12,-0.0288320814783815));
#1143=CARTESIAN_POINT('',(-13.599911243214,-0.0576641629550871,-0.0288320814784209));
#1144=CARTESIAN_POINT('',(-13.599911243214,-0.0576641629551373,0.0288320814783834));
#1145=CARTESIAN_POINT('',(-13.599911243214,1.66696697638461E-12,0.0288320814784445));
#1146=CARTESIAN_POINT('',(-13.5999572426484,1.7197131546014E-12,-0.0199618119205104));
#1147=CARTESIAN_POINT('',(-13.5999572426484,-0.039923623839349,-0.0199618119205548));
#1148=CARTESIAN_POINT('',(-13.5999572426484,-0.0399236238394009,0.0199618119205139));
#1149=CARTESIAN_POINT('',(-13.5999572426484,1.66780946978104E-12,0.0199618119205734));
#1150=CARTESIAN_POINT('',(-13.5999819015401,1.72176732306492E-12,-0.0133075644663726));
#1151=CARTESIAN_POINT('',(-13.5999819015401,-0.0266151289310764,-0.0133075644664211));
#1152=CARTESIAN_POINT('',(-13.5999819015401,-0.0266151289311299,0.0133075644663771));
#1153=CARTESIAN_POINT('',(-13.5999819015401,1.66826209116655E-12,0.0133075644664356));
#1154=CARTESIAN_POINT('',(-13.599994239472,1.72301640572335E-12,-0.00776539317008137));
#1155=CARTESIAN_POINT('',(-13.599994239472,-0.0155307863384968,-0.00776539317013236));
#1156=CARTESIAN_POINT('',(-13.599994239472,-0.0155307863385507,0.00776539317008747));
#1157=CARTESIAN_POINT('',(-13.599994239472,1.6691008342796E-12,0.00776539317014431));
#1158=CARTESIAN_POINT('',(-13.5999985596003,1.7247567933769E-12,-0.00387894487414437));
#1159=CARTESIAN_POINT('',(-13.5999985596003,-0.00775788974662401,-0.00387894487419884));
#1160=CARTESIAN_POINT('',(-13.5999985596003,-0.00775788974667994,0.00387894487414992));
#1161=CARTESIAN_POINT('',(-13.5999985596003,1.66882452283969E-12,0.00387894487420731));
#1162=CARTESIAN_POINT('',(-13.599999794196,1.72441440387105E-12,-0.00166855584531465));
#1163=CARTESIAN_POINT('',(-13.599999794196,-0.00333711168896657,-0.00166855584536843));
#1164=CARTESIAN_POINT('',(-13.599999794196,-0.00333711168902098,0.00166855584532255));
#1165=CARTESIAN_POINT('',(-13.599999794196,1.66999959163089E-12,0.00166855584537759));
#1166=CARTESIAN_POINT('',(-13.5999999999904,1.72675306248537E-12,-0.000543627689040827));
#1167=CARTESIAN_POINT('',(-13.5999999999904,-0.00108725537641743,-0.00054362768909929));
#1168=CARTESIAN_POINT('',(-13.5999999999904,-0.0010872553764761,0.000543627689044897));
#1169=CARTESIAN_POINT('',(-13.5999999999904,1.66808470539483E-12,0.00054362768910377));
#1170=CARTESIAN_POINT('',(-13.6,1.72691035246446E-12,-1.66604948029711E-12));
#1171=CARTESIAN_POINT('',(-13.6,-1.66813220546358E-12,-1.72482762729671E-12));
#1172=CARTESIAN_POINT('',(-13.6,-1.72691035246381E-12,1.67021493063132E-12));
#1173=CARTESIAN_POINT('',(-13.6,1.6681322054642E-12,1.72899307763219E-12));
#1174=MECHANICAL_DESIGN_GEOMETRIC_PRESENTATION_REPRESENTATION('',(#93),
#1175);
#1175=(
GEOMETRIC_REPRESENTATION_CONTEXT(3)
GLOBAL_UNCERTAINTY_ASSIGNED_CONTEXT((#1176))
GLOBAL_UNIT_ASSIGNED_CONTEXT((#1179,#1178,#1177))
REPRESENTATION_CONTEXT('Open CASCADE STEP translator 7.5 1.1',
'TOP_LEVEL_ASSEMBLY_PART')
);
#1176=UNCERTAINTY_MEASURE_WITH_UNIT(LENGTH_MEASURE(2.E-5),#1179,
'DISTANCE_ACCURACY_VALUE','Maximum Tolerance applied to model');
#1177=(
NAMED_UNIT(*)
SI_UNIT($,.STERADIAN.)
SOLID_ANGLE_UNIT()
);
#1178=(
NAMED_UNIT(*)
PLANE_ANGLE_UNIT()
SI_UNIT($,.RADIAN.)
);
#1179=(
LENGTH_UNIT()
NAMED_UNIT(*)
SI_UNIT($,.METRE.)
);
#1180=PRODUCT_DEFINITION_SHAPE('','',#1181);
#1181=PRODUCT_DEFINITION('','',#1183,#1182);
#1182=PRODUCT_DEFINITION_CONTEXT('',#1189,'design');
#1183=PRODUCT_DEFINITION_FORMATION_WITH_SPECIFIED_SOURCE('','',#1185,
 .NOT_KNOWN.);
#1184=PRODUCT_RELATED_PRODUCT_CATEGORY('','',(#1185));
#1185=PRODUCT('Open CASCADE STEP translator 7.5 1.1',
'Open CASCADE STEP translator 7.5 1.1',
'Open CASCADE STEP translator 7.5 1.1',(#1187));
#1186=PRODUCT_CATEGORY('','');
#1187=PRODUCT_CONTEXT('',#1189,'mechanical');
#1188=APPLICATION_PROTOCOL_DEFINITION('international standard',
'ap242_managed_model_based_3d_engineering',2020,#1189);
#1189=APPLICATION_CONTEXT('managed model based 3d engineering');
ENDSEC;
END-ISO-10303-21;
