ISO-10303-21;
HEADER;
/* Generated by software containing ST-Developer
 * from STEP Tools, Inc. (www.steptools.com) 
 */
/* OPTION: using custom renumber hook */

FILE_DESCRIPTION(
/* description */ ('STEP AP242 Edition 2',
'CAx-IF Rec.Pracs.---Representation and Presentation of Product Manufa
cturing Information (PMI)---4.0---2014-10-13',
'CAx-IF Rec.Pracs.---3D Tessellated Geometry---0.4---2014-09-14','2;1',
'CAx-IF Rec.Pracs.---User Defined Attributes---1.5---2016-08-15'),
/* implementation_level */ '2;1');

FILE_NAME(
/* name */ 'Eye - Open CASCADE STEP translator 7.5 1.1',
/* time_stamp */ '2026-08-05T23:47:09Z',
/* author */ (''),
/* organization */ (''),
/* preprocessor_version */ 'ST-DEVELOPER v20',
/* originating_system */ 'ONSHAPE BY PTC INC, 1.218',
/* authorisation */ '  ');

FILE_SCHEMA (('AP242_MANAGED_MODEL_BASED_3D_ENGINEERING_MIM_LF { 1 0 10303 442 3 1 4 }'));
ENDSEC;

DATA;
#10=SHAPE_REPRESENTATION_RELATIONSHIP('','',#248,#11);
#11=MANIFOLD_SURFACE_SHAPE_REPRESENTATION('',(#246),#1741);
#12=TOROIDAL_SURFACE('',#257,5.365346523515,0.618288992483);
#13=CIRCLE('',#254,8.68183081701748);
#14=CIRCLE('',#255,8.68183081701653);
#15=(
BOUNDED_SURFACE()
B_SPLINE_SURFACE(3,3,((#607,#608,#609,#610),(#611,#612,#613,#614),(#615,
#616,#617,#618),(#619,#620,#621,#622),(#623,#624,#625,#626),(#627,#628,
#629,#630),(#631,#632,#633,#634),(#635,#636,#637,#638),(#639,#640,#641,
#642)),.SURF_OF_REVOLUTION.,.F.,.F.,.F.)
B_SPLINE_SURFACE_WITH_KNOTS((4,1,1,1,1,1,4),(4,4),(0.446268052907002,0.470276280214466,
0.482280393868198,0.49428450752193,0.506288621175662,0.518292734829395,
0.542300962136859),(0.,1.),.UNSPECIFIED.)
GEOMETRIC_REPRESENTATION_ITEM()
RATIONAL_B_SPLINE_SURFACE(((1.,0.333333333334014,0.333333333334014,1.),
(1.,0.333333333334014,0.333333333334014,1.),(1.,0.333333333334014,0.333333333334014,
1.),(1.,0.333333333334014,0.333333333334014,1.),(1.,0.333333333334014,0.333333333334014,
1.),(1.,0.333333333334014,0.333333333334014,1.),(1.,0.333333333334014,0.333333333334014,
1.),(1.,0.333333333334014,0.333333333334014,1.),(1.,0.333333333334014,0.333333333334014,
1.)))
REPRESENTATION_ITEM('')
SURFACE()
);
#16=(
BOUNDED_SURFACE()
B_SPLINE_SURFACE(3,3,((#743,#744,#745,#746),(#747,#748,#749,#750),(#751,
#752,#753,#754),(#755,#756,#757,#758),(#759,#760,#761,#762),(#763,#764,
#765,#766),(#767,#768,#769,#770),(#771,#772,#773,#774),(#775,#776,#777,
#778),(#779,#780,#781,#782),(#783,#784,#785,#786),(#787,#788,#789,#790),
(#791,#792,#793,#794),(#795,#796,#797,#798)),.SURF_OF_REVOLUTION.,.F.,.F.,
 .F.)
B_SPLINE_SURFACE_WITH_KNOTS((4,1,1,1,1,1,1,1,1,1,1,4),(4,4),(0.272608542359,
0.29574485528537,0.31888116821174,0.330449324674925,0.34201748113811,0.353585637601296,
0.365153794064481,0.376721950527666,0.388290106990851,0.411426419917221,
0.434562732843591,0.457699045769961),(0.,1.),.UNSPECIFIED.)
GEOMETRIC_REPRESENTATION_ITEM()
RATIONAL_B_SPLINE_SURFACE(((1.,0.333333333333796,0.333333333333796,1.),
(1.,0.333333333333796,0.333333333333796,1.),(1.,0.333333333333796,0.333333333333796,
1.),(1.,0.333333333333796,0.333333333333796,1.),(1.,0.333333333333796,0.333333333333796,
1.),(1.,0.333333333333796,0.333333333333796,1.),(1.,0.333333333333796,0.333333333333796,
1.),(1.,0.333333333333796,0.333333333333796,1.),(1.,0.333333333333796,0.333333333333796,
1.),(1.,0.333333333333796,0.333333333333796,1.),(1.,0.333333333333796,0.333333333333796,
1.),(1.,0.333333333333796,0.333333333333796,1.),(1.,0.333333333333796,0.333333333333796,
1.),(1.,0.333333333333796,0.333333333333796,1.)))
REPRESENTATION_ITEM('')
SURFACE()
);
#17=(
BOUNDED_SURFACE()
B_SPLINE_SURFACE(3,3,((#830,#831,#832,#833),(#834,#835,#836,#837),(#838,
#839,#840,#841),(#842,#843,#844,#845),(#846,#847,#848,#849),(#850,#851,
#852,#853),(#854,#855,#856,#857),(#858,#859,#860,#861),(#862,#863,#864,
#865),(#866,#867,#868,#869),(#870,#871,#872,#873),(#874,#875,#876,#877),
(#878,#879,#880,#881),(#882,#883,#884,#885),(#886,#887,#888,#889),(#890,
#891,#892,#893),(#894,#895,#896,#897),(#898,#899,#900,#901),(#902,#903,
#904,#905),(#906,#907,#908,#909),(#910,#911,#912,#913),(#914,#915,#916,
#917),(#918,#919,#920,#921)),.SURF_OF_REVOLUTION.,.F.,.F.,.F.)
B_SPLINE_SURFACE_WITH_KNOTS((4,1,1,1,1,1,1,1,1,1,1,1,1,1,1,1,1,1,1,1,4),
(4,4),(0.727391457663251,0.744531720409637,0.761671983156024,0.795952508648797,
0.830233034141571,0.847373296887957,0.864513559634344,0.881653822380731,
0.898794085127117,0.915934347873504,0.933074610619891,0.950214873366278,
0.958785004739471,0.967355136112664,0.975925267485858,0.984495398859051,
0.988780464545647,0.993065530232244,0.997350595918841,0.999493128762139,
1.00163566160544),(0.,1.),.UNSPECIFIED.)
GEOMETRIC_REPRESENTATION_ITEM()
RATIONAL_B_SPLINE_SURFACE(((1.,0.333333333333732,0.333333333333732,1.),
(1.,0.333333333333732,0.333333333333732,1.),(1.,0.333333333333732,0.333333333333732,
1.),(1.,0.333333333333732,0.333333333333732,1.),(1.,0.333333333333732,0.333333333333732,
1.),(1.,0.333333333333732,0.333333333333732,1.),(1.,0.333333333333732,0.333333333333732,
1.),(1.,0.333333333333732,0.333333333333732,1.),(1.,0.333333333333732,0.333333333333732,
1.),(1.,0.333333333333732,0.333333333333732,1.),(1.,0.333333333333732,0.333333333333732,
1.),(1.,0.333333333333732,0.333333333333732,1.),(1.,0.333333333333732,0.333333333333732,
1.),(1.,0.333333333333732,0.333333333333732,1.),(1.,0.333333333333732,0.333333333333732,
1.),(1.,0.333333333333732,0.333333333333732,1.),(1.,0.333333333333732,0.333333333333732,
1.),(1.,0.333333333333732,0.333333333333732,1.),(1.,0.333333333333732,0.333333333333732,
1.),(1.,0.333333333333732,0.333333333333732,1.),(1.,0.333333333333732,0.333333333333732,
1.),(1.,0.333333333333732,0.333333333333732,1.),(1.,0.333333333333732,0.333333333333732,
1.)))
REPRESENTATION_ITEM('')
SURFACE()
);
#18=(
BOUNDED_SURFACE()
B_SPLINE_SURFACE(3,3,((#950,#951,#952,#953),(#954,#955,#956,#957),(#958,
#959,#960,#961),(#962,#963,#964,#965),(#966,#967,#968,#969),(#970,#971,
#972,#973),(#974,#975,#976,#977),(#978,#979,#980,#981),(#982,#983,#984,
#985),(#986,#987,#988,#989),(#990,#991,#992,#993),(#994,#995,#996,#997),
(#998,#999,#1000,#1001),(#1002,#1003,#1004,#1005),(#1006,#1007,#1008,#1009),
(#1010,#1011,#1012,#1013),(#1014,#1015,#1016,#1017),(#1018,#1019,#1020,
#1021),(#1022,#1023,#1024,#1025),(#1026,#1027,#1028,#1029),(#1030,#1031,
#1032,#1033),(#1034,#1035,#1036,#1037),(#1038,#1039,#1040,#1041)),
 .SURF_OF_REVOLUTION.,.F.,.F.,.F.)
B_SPLINE_SURFACE_WITH_KNOTS((4,1,1,1,1,1,1,1,1,1,1,1,1,1,1,1,1,1,1,1,4),
(4,4),(0.727391457663232,0.744531720409615,0.761671983155999,0.795952508648766,
0.830233034141533,0.847373296887917,0.864513559634301,0.881653822380684,
0.898794085127068,0.915934347873451,0.933074610619835,0.950214873366219,
0.958785004739411,0.967355136112602,0.975925267485794,0.984495398858986,
0.988780464545582,0.993065530232178,0.997350595918774,0.999493128762072,
1.00163566160537),(0.,1.),.UNSPECIFIED.)
GEOMETRIC_REPRESENTATION_ITEM()
RATIONAL_B_SPLINE_SURFACE(((1.,0.333333333333538,0.333333333333538,1.),
(1.,0.333333333333538,0.333333333333538,1.),(1.,0.333333333333538,0.333333333333538,
1.),(1.,0.333333333333538,0.333333333333538,1.),(1.,0.333333333333538,0.333333333333538,
1.),(1.,0.333333333333538,0.333333333333538,1.),(1.,0.333333333333538,0.333333333333538,
1.),(1.,0.333333333333538,0.333333333333538,1.),(1.,0.333333333333538,0.333333333333538,
1.),(1.,0.333333333333538,0.333333333333538,1.),(1.,0.333333333333538,0.333333333333538,
1.),(1.,0.333333333333538,0.333333333333538,1.),(1.,0.333333333333538,0.333333333333538,
1.),(1.,0.333333333333538,0.333333333333538,1.),(1.,0.333333333333538,0.333333333333538,
1.),(1.,0.333333333333538,0.333333333333538,1.),(1.,0.333333333333538,0.333333333333538,
1.),(1.,0.333333333333538,0.333333333333538,1.),(1.,0.333333333333538,0.333333333333538,
1.),(1.,0.333333333333538,0.333333333333538,1.),(1.,0.333333333333538,0.333333333333538,
1.),(1.,0.333333333333538,0.333333333333538,1.),(1.,0.333333333333538,0.333333333333538,
1.)))
REPRESENTATION_ITEM('')
SURFACE()
);
#19=(
BOUNDED_SURFACE()
B_SPLINE_SURFACE(3,3,((#1043,#1044,#1045,#1046),(#1047,#1048,#1049,#1050),
(#1051,#1052,#1053,#1054),(#1055,#1056,#1057,#1058),(#1059,#1060,#1061,
#1062),(#1063,#1064,#1065,#1066),(#1067,#1068,#1069,#1070),(#1071,#1072,
#1073,#1074),(#1075,#1076,#1077,#1078),(#1079,#1080,#1081,#1082),(#1083,
#1084,#1085,#1086),(#1087,#1088,#1089,#1090),(#1091,#1092,#1093,#1094),
(#1095,#1096,#1097,#1098)),.SURF_OF_REVOLUTION.,.F.,.F.,.F.)
B_SPLINE_SURFACE_WITH_KNOTS((4,1,1,1,1,1,1,1,1,1,1,4),(4,4),(0.272608542359,
0.295744855285371,0.318881168211743,0.330449324674929,0.342017481138114,
0.3535856376013,0.365153794064486,0.376721950527672,0.388290106990857,0.411426419917229,
0.4345627328436,0.457699045769972),(0.,1.),.UNSPECIFIED.)
GEOMETRIC_REPRESENTATION_ITEM()
RATIONAL_B_SPLINE_SURFACE(((1.,0.333333333333619,0.333333333333619,1.),
(1.,0.333333333333619,0.333333333333619,1.),(1.,0.333333333333619,0.333333333333619,
1.),(1.,0.333333333333619,0.333333333333619,1.),(1.,0.333333333333619,0.333333333333619,
1.),(1.,0.333333333333619,0.333333333333619,1.),(1.,0.333333333333619,0.333333333333619,
1.),(1.,0.333333333333619,0.333333333333619,1.),(1.,0.333333333333619,0.333333333333619,
1.),(1.,0.333333333333619,0.333333333333619,1.),(1.,0.333333333333619,0.333333333333619,
1.),(1.,0.333333333333619,0.333333333333619,1.),(1.,0.333333333333619,0.333333333333619,
1.),(1.,0.333333333333619,0.333333333333619,1.)))
REPRESENTATION_ITEM('')
SURFACE()
);
#20=(
BOUNDED_SURFACE()
B_SPLINE_SURFACE(3,3,((#1138,#1139,#1140,#1141),(#1142,#1143,#1144,#1145),
(#1146,#1147,#1148,#1149),(#1150,#1151,#1152,#1153),(#1154,#1155,#1156,
#1157),(#1158,#1159,#1160,#1161),(#1162,#1163,#1164,#1165),(#1166,#1167,
#1168,#1169),(#1170,#1171,#1172,#1173)),.SURF_OF_REVOLUTION.,.F.,.F.,.F.)
B_SPLINE_SURFACE_WITH_KNOTS((4,1,1,1,1,1,4),(4,4),(0.446268052907001,0.470276280214468,
0.482280393868202,0.494284507521936,0.50628862117567,0.518292734829403,
0.542300962136871),(0.,1.),.UNSPECIFIED.)
GEOMETRIC_REPRESENTATION_ITEM()
RATIONAL_B_SPLINE_SURFACE(((1.,0.333333333333629,0.333333333333629,1.),
(1.,0.333333333333629,0.333333333333629,1.),(1.,0.333333333333629,0.333333333333629,
1.),(1.,0.333333333333629,0.333333333333629,1.),(1.,0.333333333333629,0.333333333333629,
1.),(1.,0.333333333333629,0.333333333333629,1.),(1.,0.333333333333629,0.333333333333629,
1.),(1.,0.333333333333629,0.333333333333629,1.),(1.,0.333333333333629,0.333333333333629,
1.)))
REPRESENTATION_ITEM('')
SURFACE()
);
#21=(
BOUNDED_SURFACE()
B_SPLINE_SURFACE(3,3,((#1482,#1483,#1484,#1485),(#1486,#1487,#1488,#1489),
(#1490,#1491,#1492,#1493),(#1494,#1495,#1496,#1497),(#1498,#1499,#1500,
#1501),(#1502,#1503,#1504,#1505),(#1506,#1507,#1508,#1509),(#1510,#1511,
#1512,#1513),(#1514,#1515,#1516,#1517),(#1518,#1519,#1520,#1521),(#1522,
#1523,#1524,#1525),(#1526,#1527,#1528,#1529),(#1530,#1531,#1532,#1533),
(#1534,#1535,#1536,#1537),(#1538,#1539,#1540,#1541),(#1542,#1543,#1544,
#1545),(#1546,#1547,#1548,#1549),(#1550,#1551,#1552,#1553),(#1554,#1555,
#1556,#1557),(#1558,#1559,#1560,#1561),(#1562,#1563,#1564,#1565),(#1566,
#1567,#1568,#1569),(#1570,#1571,#1572,#1573),(#1574,#1575,#1576,#1577),
(#1578,#1579,#1580,#1581)),.UNSPECIFIED.,.F.,.F.,.F.)
B_SPLINE_SURFACE_WITH_KNOTS((4,1,1,1,1,1,1,1,1,1,1,1,1,1,1,1,1,1,1,1,1,
1,4),(4,4),(-2.19417942850413E-14,0.01773541198426,0.0354708239685419,0.0532062359528239,
0.0620739419449648,0.0709416479371058,0.0886770599213877,0.10641247190567,
0.124147883889952,0.141883295874234,0.150751001866375,0.159618707858515,
0.168486413850656,0.177354119842797,0.186221825834938,0.195089531827079,
0.212824943811361,0.230560355795643,0.248295767779925,0.283766591748489,
0.319237415717053,0.496591535559872,0.567533183497),(0.,1.),
 .UNSPECIFIED.)
GEOMETRIC_REPRESENTATION_ITEM()
RATIONAL_B_SPLINE_SURFACE(((1.,0.333333333333703,0.333333333333703,1.),
(1.,0.333333333333703,0.333333333333703,1.),(1.,0.333333333333703,0.333333333333703,
1.),(1.,0.333333333333703,0.333333333333703,1.),(1.,0.333333333333703,0.333333333333703,
1.),(1.,0.333333333333703,0.333333333333703,1.),(1.,0.333333333333703,0.333333333333703,
1.),(1.,0.333333333333703,0.333333333333703,1.),(1.,0.333333333333703,0.333333333333703,
1.),(1.,0.333333333333703,0.333333333333703,1.),(1.,0.333333333333703,0.333333333333703,
1.),(1.,0.333333333333703,0.333333333333703,1.),(1.,0.333333333333703,0.333333333333703,
1.),(1.,0.333333333333703,0.333333333333703,1.),(1.,0.333333333333703,0.333333333333703,
1.),(1.,0.333333333333703,0.333333333333703,1.),(1.,0.333333333333703,0.333333333333703,
1.),(1.,0.333333333333703,0.333333333333703,1.),(1.,0.333333333333703,0.333333333333703,
1.),(1.,0.333333333333703,0.333333333333703,1.),(1.,0.333333333333703,0.333333333333703,
1.),(1.,0.333333333333703,0.333333333333703,1.),(1.,0.333333333333703,0.333333333333703,
1.),(1.,0.333333333333703,0.333333333333703,1.),(1.,0.333333333333703,0.333333333333703,
1.)))
REPRESENTATION_ITEM('')
SURFACE()
);
#22=(
BOUNDED_SURFACE()
B_SPLINE_SURFACE(3,3,((#1640,#1641,#1642,#1643),(#1644,#1645,#1646,#1647),
(#1648,#1649,#1650,#1651),(#1652,#1653,#1654,#1655),(#1656,#1657,#1658,
#1659),(#1660,#1661,#1662,#1663),(#1664,#1665,#1666,#1667),(#1668,#1669,
#1670,#1671),(#1672,#1673,#1674,#1675),(#1676,#1677,#1678,#1679),(#1680,
#1681,#1682,#1683),(#1684,#1685,#1686,#1687),(#1688,#1689,#1690,#1691),
(#1692,#1693,#1694,#1695),(#1696,#1697,#1698,#1699),(#1700,#1701,#1702,
#1703),(#1704,#1705,#1706,#1707),(#1708,#1709,#1710,#1711),(#1712,#1713,
#1714,#1715),(#1716,#1717,#1718,#1719),(#1720,#1721,#1722,#1723),(#1724,
#1725,#1726,#1727),(#1728,#1729,#1730,#1731),(#1732,#1733,#1734,#1735),
(#1736,#1737,#1738,#1739)),.UNSPECIFIED.,.F.,.F.,.F.)
B_SPLINE_SURFACE_WITH_KNOTS((4,1,1,1,1,1,1,1,1,1,1,1,1,1,1,1,1,1,1,1,1,
1,4),(4,4),(1.58763464165199E-15,0.0177354119842828,0.035470823968564,0.0532062359528452,
0.0620739419449858,0.0709416479371264,0.0886770599214076,0.106412471905689,
0.12414788388997,0.141883295874251,0.150751001866392,0.159618707858532,
0.168486413850673,0.177354119842814,0.186221825834954,0.195089531827095,
0.212824943811376,0.230560355795657,0.248295767779938,0.283766591748501,
0.319237415717063,0.496591535559875,0.567533183497),(0.,1.),
 .UNSPECIFIED.)
GEOMETRIC_REPRESENTATION_ITEM()
RATIONAL_B_SPLINE_SURFACE(((1.,0.333333333333534,0.333333333333534,1.),
(1.,0.333333333333534,0.333333333333534,1.),(1.,0.333333333333534,0.333333333333534,
1.),(1.,0.333333333333534,0.333333333333534,1.),(1.,0.333333333333534,0.333333333333534,
1.),(1.,0.333333333333534,0.333333333333534,1.),(1.,0.333333333333534,0.333333333333534,
1.),(1.,0.333333333333534,0.333333333333534,1.),(1.,0.333333333333534,0.333333333333534,
1.),(1.,0.333333333333534,0.333333333333534,1.),(1.,0.333333333333534,0.333333333333534,
1.),(1.,0.333333333333534,0.333333333333534,1.),(1.,0.333333333333534,0.333333333333534,
1.),(1.,0.333333333333534,0.333333333333534,1.),(1.,0.333333333333534,0.333333333333534,
1.),(1.,0.333333333333534,0.333333333333534,1.),(1.,0.333333333333534,0.333333333333534,
1.),(1.,0.333333333333534,0.333333333333534,1.),(1.,0.333333333333534,0.333333333333534,
1.),(1.,0.333333333333534,0.333333333333534,1.),(1.,0.333333333333534,0.333333333333534,
1.),(1.,0.333333333333534,0.333333333333534,1.),(1.,0.333333333333534,0.333333333333534,
1.),(1.,0.333333333333534,0.333333333333534,1.),(1.,0.333333333333534,0.333333333333534,
1.)))
REPRESENTATION_ITEM('')
SURFACE()
);
#23=CYLINDRICAL_SURFACE('',#253,0.75);
#24=SPHERICAL_SURFACE('',#252,11.5);
#25=SPHERICAL_SURFACE('',#258,12.5);
#26=ELLIPSE('',#251,0.755369219361948,0.75);
#27=ORIENTED_EDGE('',*,*,#93,.F.);
#28=ORIENTED_EDGE('',*,*,#94,.F.);
#29=ORIENTED_EDGE('',*,*,#95,.F.);
#30=ORIENTED_EDGE('',*,*,#96,.T.);
#31=ORIENTED_EDGE('',*,*,#97,.T.);
#32=ORIENTED_EDGE('',*,*,#94,.T.);
#33=ORIENTED_EDGE('',*,*,#93,.T.);
#34=ORIENTED_EDGE('',*,*,#98,.F.);
#35=ORIENTED_EDGE('',*,*,#99,.F.);
#36=ORIENTED_EDGE('',*,*,#95,.T.);
#37=ORIENTED_EDGE('',*,*,#100,.T.);
#38=ORIENTED_EDGE('',*,*,#101,.T.);
#39=ORIENTED_EDGE('',*,*,#102,.T.);
#40=ORIENTED_EDGE('',*,*,#103,.T.);
#41=ORIENTED_EDGE('',*,*,#104,.F.);
#42=ORIENTED_EDGE('',*,*,#105,.T.);
#43=ORIENTED_EDGE('',*,*,#106,.T.);
#44=ORIENTED_EDGE('',*,*,#107,.T.);
#45=ORIENTED_EDGE('',*,*,#103,.F.);
#46=ORIENTED_EDGE('',*,*,#102,.F.);
#47=ORIENTED_EDGE('',*,*,#108,.F.);
#48=ORIENTED_EDGE('',*,*,#106,.F.);
#49=ORIENTED_EDGE('',*,*,#109,.T.);
#50=ORIENTED_EDGE('',*,*,#96,.F.);
#51=ORIENTED_EDGE('',*,*,#110,.F.);
#52=ORIENTED_EDGE('',*,*,#111,.F.);
#53=ORIENTED_EDGE('',*,*,#110,.T.);
#54=ORIENTED_EDGE('',*,*,#97,.F.);
#55=ORIENTED_EDGE('',*,*,#109,.F.);
#56=ORIENTED_EDGE('',*,*,#112,.F.);
#57=ORIENTED_EDGE('',*,*,#113,.F.);
#58=ORIENTED_EDGE('',*,*,#107,.F.);
#59=ORIENTED_EDGE('',*,*,#111,.T.);
#60=ORIENTED_EDGE('',*,*,#108,.T.);
#61=ORIENTED_EDGE('',*,*,#114,.T.);
#62=ORIENTED_EDGE('',*,*,#115,.T.);
#63=ORIENTED_EDGE('',*,*,#104,.T.);
#64=ORIENTED_EDGE('',*,*,#113,.T.);
#65=ORIENTED_EDGE('',*,*,#112,.T.);
#66=ORIENTED_EDGE('',*,*,#101,.F.);
#67=ORIENTED_EDGE('',*,*,#116,.F.);
#68=ORIENTED_EDGE('',*,*,#117,.F.);
#69=ORIENTED_EDGE('',*,*,#99,.T.);
#70=ORIENTED_EDGE('',*,*,#98,.T.);
#71=ORIENTED_EDGE('',*,*,#115,.F.);
#72=ORIENTED_EDGE('',*,*,#114,.F.);
#73=ORIENTED_EDGE('',*,*,#100,.F.);
#74=ORIENTED_EDGE('',*,*,#105,.F.);
#75=ORIENTED_EDGE('',*,*,#118,.F.);
#76=ORIENTED_EDGE('',*,*,#119,.F.);
#77=ORIENTED_EDGE('',*,*,#120,.F.);
#78=ORIENTED_EDGE('',*,*,#121,.F.);
#79=ORIENTED_EDGE('',*,*,#122,.F.);
#80=ORIENTED_EDGE('',*,*,#123,.F.);
#81=ORIENTED_EDGE('',*,*,#116,.T.);
#82=ORIENTED_EDGE('',*,*,#117,.T.);
#83=ORIENTED_EDGE('',*,*,#123,.T.);
#84=ORIENTED_EDGE('',*,*,#124,.T.);
#85=ORIENTED_EDGE('',*,*,#119,.T.);
#86=ORIENTED_EDGE('',*,*,#118,.T.);
#87=ORIENTED_EDGE('',*,*,#125,.F.);
#88=ORIENTED_EDGE('',*,*,#124,.F.);
#89=ORIENTED_EDGE('',*,*,#122,.T.);
#90=ORIENTED_EDGE('',*,*,#125,.T.);
#91=ORIENTED_EDGE('',*,*,#121,.T.);
#92=ORIENTED_EDGE('',*,*,#120,.T.);
#93=EDGE_CURVE('',#126,#127,#151,.F.);
#94=EDGE_CURVE('',#127,#126,#152,.F.);
#95=EDGE_CURVE('',#128,#128,#26,.T.);
#96=EDGE_CURVE('',#129,#130,#153,.T.);
#97=EDGE_CURVE('',#130,#129,#154,.T.);
#98=EDGE_CURVE('',#131,#132,#155,.T.);
#99=EDGE_CURVE('',#132,#131,#156,.T.);
#100=EDGE_CURVE('',#133,#134,#157,.F.);
#101=EDGE_CURVE('',#134,#135,#158,.T.);
#102=EDGE_CURVE('',#135,#136,#159,.T.);
#103=EDGE_CURVE('',#136,#137,#160,.T.);
#104=EDGE_CURVE('',#138,#137,#161,.T.);
#105=EDGE_CURVE('',#138,#133,#162,.F.);
#106=EDGE_CURVE('',#139,#140,#13,.F.);
#107=EDGE_CURVE('',#140,#137,#163,.T.);
#108=EDGE_CURVE('',#139,#135,#164,.T.);
#109=EDGE_CURVE('',#139,#130,#165,.T.);
#110=EDGE_CURVE('',#140,#129,#166,.T.);
#111=EDGE_CURVE('',#140,#139,#14,.F.);
#112=EDGE_CURVE('',#141,#135,#167,.F.);
#113=EDGE_CURVE('',#137,#141,#168,.F.);
#114=EDGE_CURVE('',#134,#142,#169,.F.);
#115=EDGE_CURVE('',#142,#138,#170,.F.);
#116=EDGE_CURVE('',#143,#144,#171,.F.);
#117=EDGE_CURVE('',#144,#143,#172,.F.);
#118=EDGE_CURVE('',#145,#146,#173,.F.);
#119=EDGE_CURVE('',#147,#145,#174,.F.);
#120=EDGE_CURVE('',#148,#147,#175,.F.);
#121=EDGE_CURVE('',#146,#148,#176,.F.);
#122=EDGE_CURVE('',#149,#150,#177,.F.);
#123=EDGE_CURVE('',#150,#149,#178,.F.);
#124=EDGE_CURVE('',#149,#147,#179,.T.);
#125=EDGE_CURVE('',#150,#146,#180,.T.);
#126=VERTEX_POINT('',#363);
#127=VERTEX_POINT('',#364);
#128=VERTEX_POINT('',#446);
#129=VERTEX_POINT('',#483);
#130=VERTEX_POINT('',#484);
#131=VERTEX_POINT('',#564);
#132=VERTEX_POINT('',#565);
#133=VERTEX_POINT('',#662);
#134=VERTEX_POINT('',#663);
#135=VERTEX_POINT('',#673);
#136=VERTEX_POINT('',#693);
#137=VERTEX_POINT('',#713);
#138=VERTEX_POINT('',#723);
#139=VERTEX_POINT('',#800);
#140=VERTEX_POINT('',#801);
#141=VERTEX_POINT('',#1118);
#142=VERTEX_POINT('',#1193);
#143=VERTEX_POINT('',#1269);
#144=VERTEX_POINT('',#1270);
#145=VERTEX_POINT('',#1348);
#146=VERTEX_POINT('',#1349);
#147=VERTEX_POINT('',#1369);
#148=VERTEX_POINT('',#1389);
#149=VERTEX_POINT('',#1445);
#150=VERTEX_POINT('',#1446);
#151=B_SPLINE_CURVE_WITH_KNOTS('',3,(#281,#282,#283,#284,#285,#286,#287,
#288,#289,#290,#291,#292,#293,#294,#295,#296,#297,#298,#299,#300,#301,#302,
#303,#304,#305,#306,#307,#308,#309,#310,#311,#312,#313,#314,#315,#316,#317,
#318,#319,#320,#321,#322,#323,#324,#325,#326,#327,#328,#329,#330,#331,#332,
#333,#334,#335,#336,#337,#338,#339,#340,#341,#342,#343,#344,#345,#346,#347,
#348,#349,#350,#351,#352,#353,#354,#355,#356,#357,#358,#359,#360,#361,#362),
 .UNSPECIFIED.,.F.,.F.,(4,1,1,1,1,1,1,1,1,1,1,1,1,1,1,1,1,1,1,1,1,1,1,1,
1,1,1,1,1,1,1,1,1,1,1,1,1,1,1,1,1,1,1,1,1,1,1,1,1,1,1,1,1,1,1,1,1,1,1,1,
1,1,1,1,1,1,1,1,1,1,1,1,1,1,1,1,1,1,1,4),(0.01104338231715,0.0111365176663881,
0.0112296530156262,0.0113227883648644,0.0113693560394834,0.0114159237141025,
0.0114624913887216,0.0115090590633406,0.0116021944125788,0.0116953297618169,
0.011788465111055,0.0118816004602931,0.0119747358095312,0.0120678711587694,
0.0121610065080075,0.0122541418572456,0.0123472772064837,0.0124404125557219,
0.0124869802303409,0.01253354790496,0.0125801155795791,0.0126266832541981,
0.0127198186034362,0.0128129539526744,0.0129060893019125,0.0129992246511506,
0.0130923600003887,0.0131854953496269,0.0132320630242459,0.013278630698865,
0.0133251983734841,0.0133717660481031,0.0134649013973412,0.0135580367465794,
0.0136511720958175,0.0137443074450556,0.0138374427942937,0.0139305781435319,
0.01402371349277,0.0141168488420081,0.0142099841912462,0.0143031195404844,
0.0143496872151034,0.0143962548897225,0.0144428225643416,0.0144893902389606,
0.0145825255881987,0.0146756609374369,0.0147222286120559,0.014768796286675,
0.0148153639612941,0.0148619316359131,0.0149550669851512,0.0150482023343894,
0.0151413376836275,0.0152344730328656,0.0153276083821037,0.0154207437313419,
0.0154673114059609,0.01551387908058,0.0155604467551991,0.0156070144298181,
0.0157001497790562,0.0157932851282944,0.0158398528029134,0.0158864204775325,
0.0159329881521516,0.0159795558267706,0.0160726911760087,0.0161658265252469,
0.0162123941998659,0.016258961874485,0.0163055295491041,0.0163520972237231,
0.0164452325729613,0.0165383679221994,0.0166315032714375,0.0167246386206756,
0.0168177739699137,0.01700404466839),.UNSPECIFIED.);
#152=B_SPLINE_CURVE_WITH_KNOTS('',3,(#365,#366,#367,#368,#369,#370,#371,
#372,#373,#374,#375,#376,#377,#378,#379,#380,#381,#382,#383,#384,#385,#386,
#387,#388,#389,#390,#391,#392,#393,#394,#395,#396,#397,#398,#399,#400,#401,
#402,#403,#404,#405,#406,#407,#408,#409,#410,#411,#412,#413,#414,#415,#416,
#417,#418,#419,#420,#421,#422,#423,#424,#425,#426,#427,#428,#429,#430,#431,
#432,#433,#434,#435,#436,#437,#438,#439,#440,#441,#442,#443,#444),
 .UNSPECIFIED.,.F.,.F.,(4,1,1,1,1,1,1,1,1,1,1,1,1,1,1,1,1,1,1,1,1,1,1,1,
1,1,1,1,1,1,1,1,1,1,1,1,1,1,1,1,1,1,1,1,1,1,1,1,1,1,1,1,1,1,1,1,1,1,1,1,
1,1,1,1,1,1,1,1,1,1,1,1,1,1,1,1,1,4),(0.005082505681141,0.00526878307601628,
0.00536192177345392,0.00540849112217274,0.00545506047089156,0.00550162981961038,
0.0055481991683292,0.00564133786576684,0.00573447656320449,0.00578104591192331,
0.00582761526064213,0.00587418460936095,0.00592075395807977,0.00601389265551741,
0.00610703135295505,0.00620017005039269,0.00629330874783033,0.00638644744526797,
0.00647958614270561,0.00652615549142443,0.00657272484014325,0.00661929418886207,
0.00666586353758089,0.00675900223501853,0.00685214093245617,0.00689871028117499,
0.00694527962989381,0.00699184897861263,0.00703841832733145,0.00713155702476909,
0.00722469572220674,0.00731783441964438,0.00741097311708202,0.00750411181451966,
0.0075972505119573,0.00769038920939494,0.00778352790683258,0.00787666660427022,
0.00796980530170786,0.00801637465042668,0.0080629439991455,0.00810951334786432,
0.00815608269658314,0.00824922139402078,0.00834236009145842,0.00843549878889606,
0.0085286374863337,0.00862177618377134,0.00871491488120898,0.00876148422992781,
0.00880805357864663,0.00885462292736544,0.00890119227608427,0.00899433097352191,
0.00908746967095955,0.00918060836839719,0.00927374706583483,0.00936688576327247,
0.00946002446071011,0.00955316315814775,0.00964630185558539,0.00973944055302303,
0.00983257925046067,0.00987914859917949,0.00992571794789831,0.00997228729661713,
0.010018856645336,0.0101119953427736,0.0102051340402112,0.0102517033889301,
0.0102982727376489,0.0103448420863677,0.0103914114350865,0.0104845501325242,
0.0105776888299618,0.0106708275273994,0.0108571049222747,0.01104338231715),
 .UNSPECIFIED.);
#153=B_SPLINE_CURVE_WITH_KNOTS('',3,(#448,#449,#450,#451,#452,#453,#454,
#455,#456,#457,#458,#459,#460,#461,#462,#463,#464,#465,#466,#467,#468,#469,
#470,#471,#472,#473,#474,#475,#476,#477,#478,#479,#480,#481,#482),
 .UNSPECIFIED.,.F.,.F.,(4,1,1,1,1,1,1,1,1,1,1,1,1,1,1,1,1,1,1,1,1,1,1,1,
1,1,1,1,1,1,1,1,4),(90.,95.625,101.25,106.875,112.5,118.125,123.75,129.375,
135.,140.625,146.25,151.875,157.5,163.125,168.75,174.375,180.,185.625,191.25,
196.875,202.5,208.125,213.75,219.375,225.,230.625,236.25,241.875,247.5,
253.125,258.75,264.375,270.),.UNSPECIFIED.);
#154=B_SPLINE_CURVE_WITH_KNOTS('',3,(#485,#486,#487,#488,#489,#490,#491,
#492,#493,#494,#495,#496,#497,#498,#499,#500,#501,#502,#503,#504,#505,#506,
#507,#508,#509,#510,#511,#512,#513,#514,#515,#516,#517,#518,#519),
 .UNSPECIFIED.,.F.,.F.,(4,1,1,1,1,1,1,1,1,1,1,1,1,1,1,1,1,1,1,1,1,1,1,1,
1,1,1,1,1,1,1,1,4),(270.,275.625,281.25,286.875,292.5,298.125,303.75,309.375,
315.,320.625,326.25,331.875,337.5,343.125,348.75,354.375,360.,365.625,371.25,
376.875,382.5,388.125,393.75,399.375,405.,410.625,416.25,421.875,427.5,
433.125,438.75,444.375,450.),.UNSPECIFIED.);
#155=B_SPLINE_CURVE_WITH_KNOTS('',3,(#521,#522,#523,#524,#525,#526,#527,
#528,#529,#530,#531,#532,#533,#534,#535,#536,#537,#538,#539,#540,#541,#542,
#543,#544,#545,#546,#547,#548,#549,#550,#551,#552,#553,#554,#555,#556,#557,
#558,#559,#560,#561,#562,#563),.UNSPECIFIED.,.F.,.F.,(4,1,1,1,1,1,1,1,1,
1,1,1,1,1,1,1,1,1,1,1,1,1,1,1,1,1,1,1,1,1,1,1,1,1,1,1,1,1,1,1,4),(359.999957269082,
365.624957269082,371.249957269082,376.874957269082,382.499957269082,388.124957269082,
393.749957269082,399.374957269082,404.999957269082,410.624957269082,413.437457269082,
416.249957269082,419.062457269082,420.468707269082,421.874957269082,424.687457269082,
427.499957269082,433.124957269082,438.749957269082,444.374957269082,449.999957269082,
455.624957269082,461.249957269082,466.874957269082,472.499957269082,475.312457269082,
478.124957269082,479.531207269082,480.937457269082,483.749957269082,486.562457269082,
489.374957269082,494.999957269082,500.624957269082,506.249957269082,511.874957269082,
517.499957269082,523.124957269082,528.749957269082,534.374957269082,539.999957269082),
 .UNSPECIFIED.);
#156=B_SPLINE_CURVE_WITH_KNOTS('',3,(#566,#567,#568,#569,#570,#571,#572,
#573,#574,#575,#576,#577,#578,#579,#580,#581,#582,#583,#584,#585,#586,#587,
#588,#589,#590,#591,#592,#593,#594,#595,#596,#597,#598,#599,#600,#601,#602,
#603,#604,#605,#606),.UNSPECIFIED.,.F.,.F.,(4,1,1,1,1,1,1,1,1,1,1,1,1,1,
1,1,1,1,1,1,1,1,1,1,1,1,1,1,1,1,1,1,1,1,1,1,1,1,4),(179.999957269082,185.624957269082,
191.249957269082,196.874957269082,202.499957269082,208.124957269082,213.749957269082,
219.374957269082,224.999957269082,230.624957269082,236.249957269082,241.874957269082,
247.499957269082,253.124957269082,258.749957269082,261.562457269082,264.374957269082,
267.187457269082,268.593707269082,269.999957269082,271.406207269082,272.812457269082,
275.624957269082,278.437457269082,281.249957269082,286.874957269082,292.499957269082,
298.124957269082,303.749957269082,309.374957269082,314.999957269082,320.624957269082,
326.249957269082,331.874957269082,337.499957269082,343.124957269082,348.749957269082,
354.374957269082,359.999957269082),.UNSPECIFIED.);
#157=B_SPLINE_CURVE_WITH_KNOTS('',3,(#643,#644,#645,#646,#647,#648,#649,
#650,#651,#652,#653,#654,#655,#656,#657,#658,#659,#660,#661),
 .UNSPECIFIED.,.F.,.F.,(4,1,1,1,1,1,1,1,1,1,1,1,1,1,1,1,4),(180.,185.625,
191.25,196.875,202.5,208.125,213.75,219.375,225.,230.625,236.25,241.875,
247.5,253.125,258.75,264.375,270.),.UNSPECIFIED.);
#158=B_SPLINE_CURVE_WITH_KNOTS('',3,(#664,#665,#666,#667,#668,#669,#670,
#671,#672),.UNSPECIFIED.,.F.,.F.,(4,1,1,1,1,1,4),(0.,0.25,0.375,0.5,0.625,
0.75,1.),.UNSPECIFIED.);
#159=B_SPLINE_CURVE_WITH_KNOTS('',3,(#674,#675,#676,#677,#678,#679,#680,
#681,#682,#683,#684,#685,#686,#687,#688,#689,#690,#691,#692),
 .UNSPECIFIED.,.F.,.F.,(4,1,1,1,1,1,1,1,1,1,1,1,1,1,1,1,4),(0.,0.0625,0.125,
0.1875,0.25,0.3125,0.375,0.4375,0.5,0.5625,0.625,0.6875,0.75,0.8125,0.875,
0.9375,1.),.UNSPECIFIED.);
#160=B_SPLINE_CURVE_WITH_KNOTS('',3,(#694,#695,#696,#697,#698,#699,#700,
#701,#702,#703,#704,#705,#706,#707,#708,#709,#710,#711,#712),
 .UNSPECIFIED.,.F.,.F.,(4,1,1,1,1,1,1,1,1,1,1,1,1,1,1,1,4),(0.,0.0625,0.125,
0.1875,0.25,0.3125,0.375,0.4375,0.5,0.5625,0.625,0.6875,0.75,0.8125,0.875,
0.9375,1.),.UNSPECIFIED.);
#161=B_SPLINE_CURVE_WITH_KNOTS('',3,(#714,#715,#716,#717,#718,#719,#720,
#721,#722),.UNSPECIFIED.,.F.,.F.,(4,1,1,1,1,1,4),(0.,0.25,0.375,0.5,0.625,
0.75,1.),.UNSPECIFIED.);
#162=B_SPLINE_CURVE_WITH_KNOTS('',3,(#724,#725,#726,#727,#728,#729,#730,
#731,#732,#733,#734,#735,#736,#737,#738,#739,#740,#741,#742),
 .UNSPECIFIED.,.F.,.F.,(4,1,1,1,1,1,1,1,1,1,1,1,1,1,1,1,4),(90.,95.625,
101.25,106.875,112.5,118.125,123.75,129.375,135.,140.625,146.25,151.875,
157.5,163.125,168.75,174.375,180.),.UNSPECIFIED.);
#163=B_SPLINE_CURVE_WITH_KNOTS('',3,(#802,#803,#804,#805,#806,#807,#808,
#809,#810,#811,#812,#813,#814,#815),.UNSPECIFIED.,.F.,.F.,(4,1,1,1,1,1,
1,1,1,1,1,4),(0.,0.125,0.25,0.375,0.4375,0.5,0.5625,0.625,0.6875,0.75,0.875,
1.),.UNSPECIFIED.);
#164=B_SPLINE_CURVE_WITH_KNOTS('',3,(#816,#817,#818,#819,#820,#821,#822,
#823,#824,#825,#826,#827,#828,#829),.UNSPECIFIED.,.F.,.F.,(4,1,1,1,1,1,
1,1,1,1,1,4),(0.,0.125,0.25,0.375,0.4375,0.5,0.5625,0.625,0.6875,0.75,0.875,
1.),.UNSPECIFIED.);
#165=B_SPLINE_CURVE_WITH_KNOTS('',3,(#922,#923,#924,#925,#926,#927,#928,
#929,#930,#931,#932,#933,#934,#935),.UNSPECIFIED.,.F.,.F.,(4,1,1,1,1,1,
1,1,1,1,1,4),(0.,0.0625,0.125,0.25,0.375,0.4375,0.5,0.5625,0.625,0.75,0.875,
1.),.UNSPECIFIED.);
#166=B_SPLINE_CURVE_WITH_KNOTS('',3,(#936,#937,#938,#939,#940,#941,#942,
#943,#944,#945,#946,#947,#948,#949),.UNSPECIFIED.,.F.,.F.,(4,1,1,1,1,1,
1,1,1,1,1,4),(0.,0.0625,0.125,0.25,0.375,0.4375,0.5,0.5625,0.625,0.75,0.875,
1.),.UNSPECIFIED.);
#167=B_SPLINE_CURVE_WITH_KNOTS('',3,(#1099,#1100,#1101,#1102,#1103,#1104,
#1105,#1106,#1107,#1108,#1109,#1110,#1111,#1112,#1113,#1114,#1115,#1116,
#1117),.UNSPECIFIED.,.F.,.F.,(4,1,1,1,1,1,1,1,1,1,1,1,1,1,1,1,4),(0.,0.0625,
0.125,0.1875,0.25,0.3125,0.375,0.4375,0.5,0.5625,0.625,0.6875,0.75,0.8125,
0.875,0.9375,1.),.UNSPECIFIED.);
#168=B_SPLINE_CURVE_WITH_KNOTS('',3,(#1119,#1120,#1121,#1122,#1123,#1124,
#1125,#1126,#1127,#1128,#1129,#1130,#1131,#1132,#1133,#1134,#1135,#1136,
#1137),.UNSPECIFIED.,.F.,.F.,(4,1,1,1,1,1,1,1,1,1,1,1,1,1,1,1,4),(0.,0.0625,
0.125,0.1875,0.25,0.3125,0.375,0.4375,0.5,0.5625,0.625,0.6875,0.75,0.8125,
0.875,0.9375,1.),.UNSPECIFIED.);
#169=B_SPLINE_CURVE_WITH_KNOTS('',3,(#1174,#1175,#1176,#1177,#1178,#1179,
#1180,#1181,#1182,#1183,#1184,#1185,#1186,#1187,#1188,#1189,#1190,#1191,
#1192),.UNSPECIFIED.,.F.,.F.,(4,1,1,1,1,1,1,1,1,1,1,1,1,1,1,1,4),(270.,
275.625,281.25,286.875,292.5,298.125,303.75,309.375,315.,320.625,326.25,
331.875,337.5,343.125,348.75,354.375,360.),.UNSPECIFIED.);
#170=B_SPLINE_CURVE_WITH_KNOTS('',3,(#1194,#1195,#1196,#1197,#1198,#1199,
#1200,#1201,#1202,#1203,#1204,#1205,#1206,#1207,#1208,#1209,#1210,#1211,
#1212),.UNSPECIFIED.,.F.,.F.,(4,1,1,1,1,1,1,1,1,1,1,1,1,1,1,1,4),(8.41401165108738E-14,
5.62500000000008,11.2500000000001,16.8750000000001,22.5000000000001,28.1250000000001,
33.7500000000001,39.375,45.,50.625,56.25,61.875,67.5,73.125,78.75,84.375,
90.),.UNSPECIFIED.);
#171=B_SPLINE_CURVE_WITH_KNOTS('',3,(#1214,#1215,#1216,#1217,#1218,#1219,
#1220,#1221,#1222,#1223,#1224,#1225,#1226,#1227,#1228,#1229,#1230,#1231,
#1232,#1233,#1234,#1235,#1236,#1237,#1238,#1239,#1240,#1241,#1242,#1243,
#1244,#1245,#1246,#1247,#1248,#1249,#1250,#1251,#1252,#1253,#1254,#1255,
#1256,#1257,#1258,#1259,#1260,#1261,#1262,#1263,#1264,#1265,#1266,#1267,
#1268),.UNSPECIFIED.,.F.,.F.,(4,1,1,1,1,1,1,1,1,1,1,1,1,1,1,1,1,1,1,1,1,
1,1,1,1,1,1,1,1,1,1,1,1,1,1,1,1,1,1,1,1,1,1,1,1,1,1,1,1,1,1,1,4),(180.000014560162,
185.625013650152,191.250012740142,196.875011830132,202.500010920122,208.125010010112,
213.750009100102,219.375008190091,225.000007280081,230.625006370071,236.250005460061,
241.875004550051,247.500003640041,250.312503185036,253.12500273003,255.937502275025,
258.75000182002,261.562501365015,262.968751137513,264.37500091001,265.781250682508,
267.187500455005,267.890625341254,268.593750227503,269.296875113751,269.648437556876,
270.,270.351562443124,270.703124886249,271.406249772497,272.109374658746,
272.812499544995,274.218749317492,275.62499908999,277.031248862487,278.437498634985,
281.24999817998,284.062497724975,286.87499726997,289.687496814964,292.499996359959,
298.124995449949,303.749994539939,309.374993629929,314.999992719919,320.624991809909,
326.249990899898,331.874989989888,337.499989079878,343.124988169868,348.749987259858,
354.374986349848,359.999985439837),.UNSPECIFIED.);
#172=B_SPLINE_CURVE_WITH_KNOTS('',3,(#1271,#1272,#1273,#1274,#1275,#1276,
#1277,#1278,#1279,#1280,#1281,#1282,#1283,#1284,#1285,#1286,#1287,#1288,
#1289,#1290,#1291,#1292,#1293,#1294,#1295,#1296,#1297,#1298,#1299,#1300,
#1301,#1302,#1303,#1304,#1305,#1306,#1307,#1308,#1309,#1310,#1311,#1312,
#1313,#1314,#1315,#1316,#1317,#1318,#1319,#1320,#1321,#1322,#1323,#1324,
#1325,#1326,#1327),.UNSPECIFIED.,.F.,.F.,(4,1,1,1,1,1,1,1,1,1,1,1,1,1,1,
1,1,1,1,1,1,1,1,1,1,1,1,1,1,1,1,1,1,1,1,1,1,1,1,1,1,1,1,1,1,1,1,1,1,1,1,
1,1,1,4),(359.999985439837,365.624986349848,371.249987259858,376.874988169868,
382.499989079878,388.124989989888,393.749990899899,399.374991809909,402.187492264914,
404.999992719919,407.812493174924,410.624993629929,413.437494084934,416.249994539939,
417.656244767442,419.062494994944,419.765620108696,420.468745222447,421.874995449949,
423.281245677452,424.687495904954,426.093746132457,427.49999635996,430.312496814965,
433.12499726997,438.74999817998,444.37499908999,450.,455.62500091001,461.250001820021,
466.875002730031,469.687503185036,472.500003640041,473.906253867543,475.312504095046,
476.718754322549,478.125004550051,479.531254777554,480.234379891305,480.937505005056,
482.343755232559,483.750005460061,486.562505915066,489.375006370071,492.187506825077,
495.000007280082,497.812507735087,500.625008190092,506.250009100102,511.875010010112,
517.500010920122,523.125011830133,528.750012740143,534.375013650153,540.000014560163),
 .UNSPECIFIED.);
#173=B_SPLINE_CURVE_WITH_KNOTS('',3,(#1329,#1330,#1331,#1332,#1333,#1334,
#1335,#1336,#1337,#1338,#1339,#1340,#1341,#1342,#1343,#1344,#1345,#1346,
#1347),.UNSPECIFIED.,.F.,.F.,(4,1,1,1,1,1,1,1,1,1,1,1,1,1,1,1,4),(180.,
185.625,191.25,196.875,202.5,208.125,213.75,219.375,225.,230.625,236.25,
241.875,247.5,253.125,258.75,264.375,270.),.UNSPECIFIED.);
#174=B_SPLINE_CURVE_WITH_KNOTS('',3,(#1350,#1351,#1352,#1353,#1354,#1355,
#1356,#1357,#1358,#1359,#1360,#1361,#1362,#1363,#1364,#1365,#1366,#1367,
#1368),.UNSPECIFIED.,.F.,.F.,(4,1,1,1,1,1,1,1,1,1,1,1,1,1,1,1,4),(90.,95.6249999999986,
101.249999999997,106.874999999996,112.499999999994,118.124999999993,123.749999999992,
129.37499999999,134.999999999989,140.624999999988,146.249999999986,151.874999999985,
157.499999999983,163.124999999982,168.749999999981,174.374999999979,179.999999999978),
 .UNSPECIFIED.);
#175=B_SPLINE_CURVE_WITH_KNOTS('',3,(#1370,#1371,#1372,#1373,#1374,#1375,
#1376,#1377,#1378,#1379,#1380,#1381,#1382,#1383,#1384,#1385,#1386,#1387,
#1388),.UNSPECIFIED.,.F.,.F.,(4,1,1,1,1,1,1,1,1,1,1,1,1,1,1,1,4),(0.,5.625,
11.25,16.875,22.5,28.125,33.75,39.375,45.,50.625,56.25,61.875,67.5,73.125,
78.75,84.375,90.),.UNSPECIFIED.);
#176=B_SPLINE_CURVE_WITH_KNOTS('',3,(#1390,#1391,#1392,#1393,#1394,#1395,
#1396,#1397,#1398,#1399,#1400,#1401,#1402,#1403,#1404,#1405,#1406,#1407,
#1408),.UNSPECIFIED.,.F.,.F.,(4,1,1,1,1,1,1,1,1,1,1,1,1,1,1,1,4),(270.,
275.624999999999,281.249999999997,286.874999999996,292.499999999994,298.124999999993,
303.749999999992,309.37499999999,314.999999999989,320.624999999987,326.249999999986,
331.874999999985,337.499999999983,343.124999999982,348.74999999998,354.374999999979,
359.999999999978),.UNSPECIFIED.);
#177=B_SPLINE_CURVE_WITH_KNOTS('',3,(#1410,#1411,#1412,#1413,#1414,#1415,
#1416,#1417,#1418,#1419,#1420,#1421,#1422,#1423,#1424,#1425,#1426,#1427,
#1428,#1429,#1430,#1431,#1432,#1433,#1434,#1435,#1436,#1437,#1438,#1439,
#1440,#1441,#1442,#1443,#1444),.UNSPECIFIED.,.F.,.F.,(4,1,1,1,1,1,1,1,1,
1,1,1,1,1,1,1,1,1,1,1,1,1,1,1,1,1,1,1,1,1,1,1,4),(270.,275.625,281.25,286.875,
292.5,298.125,303.75,309.375,315.,320.625,326.25,331.875,337.5,343.125,
348.75,354.375,360.,365.625,371.25,376.875,382.5,388.125,393.75,399.375,
405.,410.625,416.25,421.875,427.5,433.125,438.75,444.375,450.),
 .UNSPECIFIED.);
#178=B_SPLINE_CURVE_WITH_KNOTS('',3,(#1447,#1448,#1449,#1450,#1451,#1452,
#1453,#1454,#1455,#1456,#1457,#1458,#1459,#1460,#1461,#1462,#1463,#1464,
#1465,#1466,#1467,#1468,#1469,#1470,#1471,#1472,#1473,#1474,#1475,#1476,
#1477,#1478,#1479,#1480,#1481),.UNSPECIFIED.,.F.,.F.,(4,1,1,1,1,1,1,1,1,
1,1,1,1,1,1,1,1,1,1,1,1,1,1,1,1,1,1,1,1,1,1,1,4),(90.,95.625,101.25,106.875,
112.5,118.125,123.75,129.375,135.,140.625,146.25,151.875,157.5,163.125,
168.75,174.375,180.,185.625,191.25,196.875,202.5,208.125,213.75,219.375,
225.,230.625,236.25,241.875,247.5,253.125,258.75,264.375,270.),
 .UNSPECIFIED.);
#179=B_SPLINE_CURVE_WITH_KNOTS('',3,(#1582,#1583,#1584,#1585,#1586,#1587,
#1588,#1589,#1590,#1591,#1592,#1593,#1594,#1595,#1596,#1597,#1598,#1599,
#1600,#1601,#1602,#1603,#1604,#1605,#1606,#1607,#1608,#1609,#1610),
 .UNSPECIFIED.,.F.,.F.,(4,1,1,1,1,1,1,1,1,1,1,1,1,1,1,1,1,1,1,1,1,1,1,1,
1,1,4),(0.,0.125,0.1875,0.25,0.3125,0.375,0.4375,0.5,0.5625,0.59375,0.625,
0.65625,0.671875,0.6875,0.703125,0.71875,0.734375,0.75,0.78125,0.8125,0.84375,
0.875,0.890625,0.90625,0.9375,0.96875,1.),.UNSPECIFIED.);
#180=B_SPLINE_CURVE_WITH_KNOTS('',3,(#1611,#1612,#1613,#1614,#1615,#1616,
#1617,#1618,#1619,#1620,#1621,#1622,#1623,#1624,#1625,#1626,#1627,#1628,
#1629,#1630,#1631,#1632,#1633,#1634,#1635,#1636,#1637,#1638,#1639),
 .UNSPECIFIED.,.F.,.F.,(4,1,1,1,1,1,1,1,1,1,1,1,1,1,1,1,1,1,1,1,1,1,1,1,
1,1,4),(0.,0.125,0.1875,0.25,0.3125,0.375,0.4375,0.5,0.5625,0.59375,0.625,
0.65625,0.671875,0.6875,0.703125,0.71875,0.734375,0.75,0.78125,0.8125,0.84375,
0.875,0.890625,0.90625,0.9375,0.96875,1.),.UNSPECIFIED.);
#181=EDGE_LOOP('',(#27,#28));
#182=EDGE_LOOP('',(#29));
#183=EDGE_LOOP('',(#30,#31));
#184=EDGE_LOOP('',(#32,#33));
#185=EDGE_LOOP('',(#34,#35));
#186=EDGE_LOOP('',(#36));
#187=EDGE_LOOP('',(#37,#38,#39,#40,#41,#42));
#188=EDGE_LOOP('',(#43,#44,#45,#46,#47));
#189=EDGE_LOOP('',(#48,#49,#50,#51));
#190=EDGE_LOOP('',(#52,#53,#54,#55));
#191=EDGE_LOOP('',(#56,#57,#58,#59,#60));
#192=EDGE_LOOP('',(#61,#62,#63,#64,#65,#66));
#193=EDGE_LOOP('',(#67,#68));
#194=EDGE_LOOP('',(#69,#70));
#195=EDGE_LOOP('',(#71,#72,#73,#74));
#196=EDGE_LOOP('',(#75,#76,#77,#78));
#197=EDGE_LOOP('',(#79,#80));
#198=EDGE_LOOP('',(#81,#82));
#199=EDGE_LOOP('',(#83,#84,#85,#86,#87));
#200=EDGE_LOOP('',(#88,#89,#90,#91,#92));
#201=FACE_BOUND('',#181,.T.);
#202=FACE_BOUND('',#182,.T.);
#203=FACE_BOUND('',#183,.T.);
#204=FACE_BOUND('',#184,.T.);
#205=FACE_BOUND('',#185,.T.);
#206=FACE_BOUND('',#186,.T.);
#207=FACE_BOUND('',#187,.T.);
#208=FACE_BOUND('',#188,.T.);
#209=FACE_BOUND('',#189,.T.);
#210=FACE_BOUND('',#190,.T.);
#211=FACE_BOUND('',#191,.T.);
#212=FACE_BOUND('',#192,.T.);
#213=FACE_BOUND('',#193,.T.);
#214=FACE_BOUND('',#194,.T.);
#215=FACE_BOUND('',#195,.T.);
#216=FACE_BOUND('',#196,.T.);
#217=FACE_BOUND('',#197,.T.);
#218=FACE_BOUND('',#198,.T.);
#219=FACE_BOUND('',#199,.T.);
#220=FACE_BOUND('',#200,.T.);
#221=PLANE('',#250);
#222=PLANE('',#256);
#223=ADVANCED_FACE('',(#201,#202),#221,.T.);
#224=ADVANCED_FACE('',(#203,#204),#24,.F.);
#225=ADVANCED_FACE('',(#205,#206),#23,.F.);
#226=ADVANCED_FACE('',(#207),#15,.F.);
#227=ADVANCED_FACE('',(#208),#16,.F.);
#228=ADVANCED_FACE('',(#209),#17,.F.);
#229=ADVANCED_FACE('',(#210),#18,.F.);
#230=ADVANCED_FACE('',(#211),#19,.F.);
#231=ADVANCED_FACE('',(#212),#20,.F.);
#232=ADVANCED_FACE('',(#213,#214),#222,.F.);
#233=ADVANCED_FACE('',(#215,#216),#12,.F.);
#234=ADVANCED_FACE('',(#217,#218),#25,.T.);
#235=ADVANCED_FACE('',(#219),#21,.F.);
#236=ADVANCED_FACE('',(#220),#22,.F.);
#237=CLOSED_SHELL('',(#223,#224,#225,#226,#227,#228,#229,#230,#231,#232,
#233,#234,#235,#236));
#238=STYLED_ITEM('',(#239),#246);
#239=PRESENTATION_STYLE_ASSIGNMENT((#240));
#240=SURFACE_STYLE_USAGE(.BOTH.,#241);
#241=SURFACE_SIDE_STYLE('',(#242));
#242=SURFACE_STYLE_FILL_AREA(#243);
#243=FILL_AREA_STYLE('',(#244));
#244=FILL_AREA_STYLE_COLOUR('',#245);
#245=COLOUR_RGB('',0.917647058823529,0.917647058823529,0.917647058823529);
#246=SHELL_BASED_SURFACE_MODEL('Open CASCADE STEP translator 7.5 1.1',(#237));
#247=SHAPE_DEFINITION_REPRESENTATION(#1746,#248);
#248=SHAPE_REPRESENTATION('Open CASCADE STEP translator 7.5 1.1',(#249),
#1741);
#249=AXIS2_PLACEMENT_3D('',#279,#259,#260);
#250=AXIS2_PLACEMENT_3D('',#280,#261,#262);
#251=AXIS2_PLACEMENT_3D('',#445,#263,#264);
#252=AXIS2_PLACEMENT_3D('',#447,#265,#266);
#253=AXIS2_PLACEMENT_3D('',#520,#267,#268);
#254=AXIS2_PLACEMENT_3D('',#799,#269,#270);
#255=AXIS2_PLACEMENT_3D('',#1042,#271,#272);
#256=AXIS2_PLACEMENT_3D('',#1213,#273,#274);
#257=AXIS2_PLACEMENT_3D('',#1328,#275,#276);
#258=AXIS2_PLACEMENT_3D('',#1409,#277,#278);
#259=DIRECTION('',(0.,0.,1.));
#260=DIRECTION('',(1.,0.,0.));
#261=DIRECTION('',(-0.940670628922824,-1.0655718757078E-7,0.339321039550937));
#262=DIRECTION('',(-0.339321039550939,1.98523347012726E-23,-0.940670628922829));
#263=DIRECTION('',(-0.940670628922824,-1.0655718757078E-7,0.339321039550937));
#264=DIRECTION('',(0.339321039550893,-8.88928689846404E-7,0.940670628922425));
#265=DIRECTION('',(0.,1.,0.));
#266=DIRECTION('',(0.,0.,1.));
#267=DIRECTION('',(0.974370064785194,0.,-0.224951054344044));
#268=DIRECTION('',(0.224951054344044,0.,0.974370064785194));
#269=DIRECTION('',(-1.,-9.4926251293591E-17,-3.70963137532187E-17));
#270=DIRECTION('',(9.4926251293591E-17,-1.,0.));
#271=DIRECTION('',(-1.,2.20587679628714E-17,3.34459474517704E-17));
#272=DIRECTION('',(-3.34459474517704E-17,0.,-1.));
#273=DIRECTION('',(-0.940670599491515,8.87641730811842E-8,0.339321121140825));
#274=DIRECTION('',(-0.339321121140827,6.61744490042422E-24,-0.940670599491518));
#275=DIRECTION('',(1.,0.,0.));
#276=DIRECTION('',(0.,1.,0.));
#277=DIRECTION('',(0.,1.,0.));
#278=DIRECTION('',(0.,0.,1.));
#279=CARTESIAN_POINT('',(0.,0.,0.));
#280=CARTESIAN_POINT('',(10.667945595005,1.581108792343E-5,-3.848251835061));
#281=CARTESIAN_POINT('',(11.3172759529236,1.20889112830796E-10,-2.04816894904658));
#282=CARTESIAN_POINT('',(11.3172759497809,0.0313530881915989,-2.04816894791294));
#283=CARTESIAN_POINT('',(11.3167508294384,0.0938406846086036,-2.04962467439827));
#284=CARTESIAN_POINT('',(11.314397448054,0.186921649792133,-2.05614872263129));
#285=CARTESIAN_POINT('',(11.3111403440639,0.263947508192747,-2.06517808861239));
#286=CARTESIAN_POINT('',(11.3077607646123,0.325251901467434,-2.07454698775303));
#287=CARTESIAN_POINT('',(11.3048435722688,0.371055709063967,-2.08263405562035));
#288=CARTESIAN_POINT('',(11.3015320505927,0.416754161872389,-2.09181428892515));
#289=CARTESIAN_POINT('',(11.2965829863312,0.477544178721722,-2.10553413641822));
#290=CARTESIAN_POINT('',(11.2894215951335,0.553047362114554,-2.12538702359976));
#291=CARTESIAN_POINT('',(11.2793226124733,0.642348000623751,-2.15338353942848));
#292=CARTESIAN_POINT('',(11.2677738035738,0.729730910212434,-2.18539928485305));
#293=CARTESIAN_POINT('',(11.2548388780097,0.814839859423321,-2.22125764339332));
#294=CARTESIAN_POINT('',(11.2405230641378,0.897874675242904,-2.26094412086108));
#295=CARTESIAN_POINT('',(11.2248223590109,0.978768861665817,-2.30446981430448));
#296=CARTESIAN_POINT('',(11.2077355873645,1.05757025357019,-2.35183798179375));
#297=CARTESIAN_POINT('',(11.1892594945075,1.13413568529209,-2.40305764607445));
#298=CARTESIAN_POINT('',(11.1695022290681,1.20798100223862,-2.45782899612857));
#299=CARTESIAN_POINT('',(11.1520635501634,1.26698620470794,-2.50617273215851));
#300=CARTESIAN_POINT('',(11.1375794884999,1.31249934367095,-2.54632564033839));
#301=CARTESIAN_POINT('',(11.1264723556707,1.3457227065639,-2.57711698206486));
#302=CARTESIAN_POINT('',(11.1150993095785,1.37808432079696,-2.60864549260483));
#303=CARTESIAN_POINT('',(11.0995470166473,1.42018337581905,-2.65175976782396));
#304=CARTESIAN_POINT('',(11.0794262842679,1.47073271602908,-2.70753873343243));
#305=CARTESIAN_POINT('',(11.0542683456822,1.52793545235447,-2.777281911892));
#306=CARTESIAN_POINT('',(11.0281815085027,1.58152155690712,-2.84960019742691));
#307=CARTESIAN_POINT('',(11.0012477974594,1.63133673703926,-2.9242661999586));
#308=CARTESIAN_POINT('',(10.9735491479868,1.6772260849373,-3.00105277695459));
#309=CARTESIAN_POINT('',(10.9498998489209,1.71206375270015,-3.06661369042792));
#310=CARTESIAN_POINT('',(10.9306774269476,1.73781977709764,-3.11990235489311));
#311=CARTESIAN_POINT('',(10.9161293963625,1.75604588435077,-3.1602326071994));
#312=CARTESIAN_POINT('',(10.9014198014929,1.77322044179871,-3.20101075065142));
#313=CARTESIAN_POINT('',(10.8815607041313,1.79477208983774,-3.25606441703541));
#314=CARTESIAN_POINT('',(10.8563422442971,1.81910263716564,-3.32597538368671));
#315=CARTESIAN_POINT('',(10.8255847806309,1.84399380048103,-3.41124165564217));
#316=CARTESIAN_POINT('',(10.7944550925477,1.86442236877584,-3.49753981484083));
#317=CARTESIAN_POINT('',(10.763157091567,1.88027767000225,-3.58430457489235));
#318=CARTESIAN_POINT('',(10.7317589462915,1.89161138782044,-3.67134695780701));
#319=CARTESIAN_POINT('',(10.700237751461,1.8984238337819,-3.75873046187414));
#320=CARTESIAN_POINT('',(10.6686194177833,1.90075864700495,-3.84638325704615));
#321=CARTESIAN_POINT('',(10.636825665957,1.89853752844933,-3.9345223503442));
#322=CARTESIAN_POINT('',(10.6049727745723,1.89172281040963,-4.02282539261245));
#323=CARTESIAN_POINT('',(10.5785592390723,1.88228291919416,-4.09604937568665));
#324=CARTESIAN_POINT('',(10.5575984117009,1.87249967994045,-4.15415728356873));
#325=CARTESIAN_POINT('',(10.5419931306939,1.86405155322393,-4.19741846896108));
#326=CARTESIAN_POINT('',(10.5265043999586,1.85451014810186,-4.24035655237021));
#327=CARTESIAN_POINT('',(10.5059779335524,1.84034111115178,-4.29726031996234));
#328=CARTESIAN_POINT('',(10.4805696798469,1.81990369509095,-4.36769744995106));
#329=CARTESIAN_POINT('',(10.4554905063994,1.79581319551982,-4.43722230009866));
#330=CARTESIAN_POINT('',(10.4356302555252,1.77434240280088,-4.49227917777709));
#331=CARTESIAN_POINT('',(10.4208265520699,1.7571262138684,-4.53331822119338));
#332=CARTESIAN_POINT('',(10.4061561041011,1.73884012637151,-4.57398785218408));
#333=CARTESIAN_POINT('',(10.3868359226854,1.71310559686964,-4.62754754294022));
#334=CARTESIAN_POINT('',(10.3631249181688,1.6783952595205,-4.69327953898498));
#335=CARTESIAN_POINT('',(10.3354269786787,1.63275782350435,-4.7700641764996));
#336=CARTESIAN_POINT('',(10.3085267294604,1.58320675122539,-4.84463744688637));
#337=CARTESIAN_POINT('',(10.2824691238427,1.52981587157402,-4.9168747298625));
#338=CARTESIAN_POINT('',(10.2572990851903,1.47266033223979,-4.98665148821169));
#339=CARTESIAN_POINT('',(10.2370991206462,1.42194969850642,-5.04265013415658));
#340=CARTESIAN_POINT('',(10.2214302799706,1.37958105912068,-5.08608753122165));
#341=CARTESIAN_POINT('',(10.2099200114355,1.34688398963531,-5.11799647220689));
#342=CARTESIAN_POINT('',(10.198696453338,1.31339659068734,-5.14911059067312));
#343=CARTESIAN_POINT('',(10.1841655416005,1.26785779738677,-5.18939340589004));
#344=CARTESIAN_POINT('',(10.1667879791021,1.2091986158788,-5.23756775109617));
#345=CARTESIAN_POINT('',(10.1504577620013,1.14826430108872,-5.2828386311572));
#346=CARTESIAN_POINT('',(10.1380156016647,1.09815189971074,-5.31733098136408));
#347=CARTESIAN_POINT('',(10.1289959234475,1.05990422700531,-5.34233547406543));
#348=CARTESIAN_POINT('',(10.1202793359701,1.02093008395709,-5.36649973452003));
#349=CARTESIAN_POINT('',(10.1090645573864,0.967969811009549,-5.3975895204078));
#350=CARTESIAN_POINT('',(10.0958395642154,0.90005788746131,-5.43425205656125));
#351=CARTESIAN_POINT('',(10.0837387959517,0.830161013935272,-5.46779800100389));
#352=CARTESIAN_POINT('',(10.0747721870858,0.773230547829912,-5.4926553799592));
#353=CARTESIAN_POINT('',(10.0684166819866,0.73008822973007,-5.51027421545419));
#354=CARTESIAN_POINT('',(10.0624308004611,0.686479506171136,-5.5268683753493));
#355=CARTESIAN_POINT('',(10.0549355016148,0.62768925868346,-5.54764696825238));
#356=CARTESIAN_POINT('',(10.0464956407014,0.553157861480658,-5.57104409454256));
#357=CARTESIAN_POINT('',(10.0378888034226,0.462440572218396,-5.59490412017883));
#358=CARTESIAN_POINT('',(10.0308471855486,0.370839642958094,-5.61442502251863));
#359=CARTESIAN_POINT('',(10.025386510562,0.278785671466719,-5.6295632125638));
#360=CARTESIAN_POINT('',(10.0201830835948,0.155484446696061,-5.64398826579044));
#361=CARTESIAN_POINT('',(10.0186241871244,0.0623645080672206,-5.64830989007788));
#362=CARTESIAN_POINT('',(10.0186241933756,1.23345202429533E-10,-5.6483098923328));
#363=CARTESIAN_POINT('',(10.0180801386334,6.16943870791328E-11,-5.64811363955845));
#364=CARTESIAN_POINT('',(11.3167423572135,6.04445355607028E-11,-2.04797646908025));
#365=CARTESIAN_POINT('',(10.0186241933756,1.23345202429533E-10,-5.6483098923328));
#366=CARTESIAN_POINT('',(10.0186241996269,-0.0623667498132914,-5.6483098945878));
#367=CARTESIAN_POINT('',(10.0202335907854,-0.156488779029794,-5.64384834700489));
#368=CARTESIAN_POINT('',(10.0248470005004,-0.265352155011041,-5.63105902093291));
#369=CARTESIAN_POINT('',(10.0282531407078,-0.327019970813669,-5.62161648979997));
#370=CARTESIAN_POINT('',(10.0311903713792,-0.372911027608333,-5.61347387142136));
#371=CARTESIAN_POINT('',(10.0345050566968,-0.418457301078318,-5.60428486777666));
#372=CARTESIAN_POINT('',(10.039426711388,-0.47883739954752,-5.59064100535691));
#373=CARTESIAN_POINT('',(10.0465247174401,-0.553603394299969,-5.57096383514927));
#374=CARTESIAN_POINT('',(10.0548936037733,-0.627438112690927,-5.54776351219485));
#375=CARTESIAN_POINT('',(10.0623547216663,-0.685925715854959,-5.52707971304745));
#376=CARTESIAN_POINT('',(10.0683399785945,-0.729538765902462,-5.51048731206009));
#377=CARTESIAN_POINT('',(10.0746953762025,-0.772743206673498,-5.49286880166913));
#378=CARTESIAN_POINT('',(10.0836300641911,-0.829577946808408,-5.46809994995162));
#379=CARTESIAN_POINT('',(10.0956654193212,-0.899233056320137,-5.43473538855491));
#380=CARTESIAN_POINT('',(10.1114599729589,-0.980448397874255,-5.39094952703122));
#381=CARTESIAN_POINT('',(10.1285765859079,-1.0591811659541,-5.34349863303551));
#382=CARTESIAN_POINT('',(10.1469840038545,-1.1353098964322,-5.29246935018428));
#383=CARTESIAN_POINT('',(10.1666507204797,-1.20871414603914,-5.23794902070695));
#384=CARTESIAN_POINT('',(10.1840646397707,-1.2675182481618,-5.18967392356819));
#385=CARTESIAN_POINT('',(10.198591850062,-1.31307273864513,-5.14940139815958));
#386=CARTESIAN_POINT('',(10.2097900029576,-1.34650297829396,-5.11835772937093));
#387=CARTESIAN_POINT('',(10.2212520144341,-1.37908600224729,-5.08658258779202));
#388=CARTESIAN_POINT('',(10.2368387962348,-1.42127541049554,-5.04337270206518));
#389=CARTESIAN_POINT('',(10.2569123903714,-1.47172662118962,-4.98772441373537));
#390=CARTESIAN_POINT('',(10.277761021691,-1.51913327580721,-4.92992755530889));
#391=CARTESIAN_POINT('',(10.2949053650505,-1.55524817882828,-4.88239977329004));
#392=CARTESIAN_POINT('',(10.3079893392166,-1.58142667982663,-4.84612820158209));
#393=CARTESIAN_POINT('',(10.3213231438658,-1.60672060789233,-4.80916404596511));
#394=CARTESIAN_POINT('',(10.3394391773709,-1.63924864494059,-4.75894252952956));
#395=CARTESIAN_POINT('',(10.3626475033804,-1.6775647942158,-4.69460408894937));
#396=CARTESIAN_POINT('',(10.3912350538398,-1.71954045203637,-4.61535328672167));
#397=CARTESIAN_POINT('',(10.4203742745049,-1.75719921176359,-4.53457313512013));
#398=CARTESIAN_POINT('',(10.449939788629,-1.7904292084992,-4.4526112053162));
#399=CARTESIAN_POINT('',(10.4799792682363,-1.81938279377498,-4.36933534029194));
#400=CARTESIAN_POINT('',(10.5104792394538,-1.84400363711187,-4.2847828924929));
#401=CARTESIAN_POINT('',(10.5414506396994,-1.86432089420027,-4.19892354106193));
#402=CARTESIAN_POINT('',(10.5728679071241,-1.88023045806354,-4.1118281488892));
#403=CARTESIAN_POINT('',(10.6045458724101,-1.8916133219126,-4.02401004496305));
#404=CARTESIAN_POINT('',(10.6310310404007,-1.89732640048456,-3.95058748603468));
#405=CARTESIAN_POINT('',(10.6521944916584,-1.8996160701982,-3.89191786511423));
#406=CARTESIAN_POINT('',(10.6680231719918,-1.90019189320544,-3.84803737175427));
#407=CARTESIAN_POINT('',(10.6838351637361,-1.89961635061777,-3.80420314237772));
#408=CARTESIAN_POINT('',(10.7049429609057,-1.89731398004038,-3.74568780507272));
#409=CARTESIAN_POINT('',(10.731316203091,-1.89157848719934,-3.6725755248641));
#410=CARTESIAN_POINT('',(10.7628602014251,-1.88017563674568,-3.58512879887861));
#411=CARTESIAN_POINT('',(10.7942033029451,-1.8643058482578,-3.4982390005056));
#412=CARTESIAN_POINT('',(10.8252514047089,-1.84402221847763,-3.41216700328126));
#413=CARTESIAN_POINT('',(10.8559103165202,-1.81937720855649,-3.32717392262858));
#414=CARTESIAN_POINT('',(10.8810544657662,-1.79525123998967,-3.25746894563372));
#415=CARTESIAN_POINT('',(10.9008835961847,-1.77381978738178,-3.20249834053907));
#416=CARTESIAN_POINT('',(10.9155901132231,-1.7566979808143,-3.16172871872452));
#417=CARTESIAN_POINT('',(10.9301618707252,-1.73849185872227,-3.12133267887932));
#418=CARTESIAN_POINT('',(10.9494448728771,-1.71274519894992,-3.06787605700512));
#419=CARTESIAN_POINT('',(10.9732066832178,-1.67788308782305,-3.00200321628213));
#420=CARTESIAN_POINT('',(11.0010427821162,-1.63194875621797,-2.92483557119043));
#421=CARTESIAN_POINT('',(11.0280708572697,-1.5820591255659,-2.84990793981529));
#422=CARTESIAN_POINT('',(11.0541222184151,-1.52854642826153,-2.77768796781629));
#423=CARTESIAN_POINT('',(11.0791652281694,-1.47157191444492,-2.70826336084833));
#424=CARTESIAN_POINT('',(11.103212164597,-1.41108677179568,-2.64160008147109));
#425=CARTESIAN_POINT('',(11.1262561762802,-1.34716210124386,-2.577717123305));
#426=CARTESIAN_POINT('',(11.148323014282,-1.27959941317811,-2.51654309882274));
#427=CARTESIAN_POINT('',(11.1693116979086,-1.20863931776562,-2.45835794822113));
#428=CARTESIAN_POINT('',(11.185793936645,-1.14709067930958,-2.41266563141929));
#429=CARTESIAN_POINT('',(11.198315326707,-1.09661160702702,-2.37795363932148));
#430=CARTESIAN_POINT('',(11.2073534799073,-1.05820008783851,-2.35289792995701));
#431=CARTESIAN_POINT('',(11.2160434710773,-1.0192454701028,-2.32880740017144));
#432=CARTESIAN_POINT('',(11.227191452794,-0.966517957705102,-2.2979027895849));
#433=CARTESIAN_POINT('',(11.2402884445698,-0.899155786934563,-2.26159510089887));
#434=CARTESIAN_POINT('',(11.2522649103881,-0.829830042742804,-2.22839374964845));
#435=CARTESIAN_POINT('',(11.2611667168723,-0.773197440271832,-2.20371601687453));
#436=CARTESIAN_POINT('',(11.2675074460201,-0.730102775774596,-2.18613814349761));
#437=CARTESIAN_POINT('',(11.2734907200585,-0.68651643477189,-2.1695512121226));
#438=CARTESIAN_POINT('',(11.2809623105528,-0.627946214605997,-2.14883834392048));
#439=CARTESIAN_POINT('',(11.2893619223212,-0.553849916122027,-2.12555279702123));
#440=CARTESIAN_POINT('',(11.2979220903265,-0.463705370972323,-2.10182214879077));
#441=CARTESIAN_POINT('',(11.307295798915,-0.342077785189305,-2.07583618185723));
#442=CARTESIAN_POINT('',(11.3151586127543,-0.187755888836611,-2.05403872864538));
#443=CARTESIAN_POINT('',(11.3172759592092,-0.0627084302961211,-2.04816895131393));
#444=CARTESIAN_POINT('',(11.3172759529236,1.20889112830796E-10,-2.04816894904658));
#445=CARTESIAN_POINT('',(10.6679966711131,0.,-3.84811024114998));
#446=CARTESIAN_POINT('',(10.9243093398718,-6.71469370517717E-7,-3.13755660250414));
#447=CARTESIAN_POINT('',(0.,0.,0.));
#448=CARTESIAN_POINT('',(-2.97641901867907,-3.40088916771367E-16,11.1081470023243));
#449=CARTESIAN_POINT('',(-2.97641901867907,0.363513260598913,11.1081470023243));
#450=CARTESIAN_POINT('',(-2.97641901867911,1.09053913116354,11.0724304980931));
#451=CARTESIAN_POINT('',(-2.97641901867913,2.17057597119848,10.9122221832436));
#452=CARTESIAN_POINT('',(-2.97641901867899,3.22970883815812,10.646923203542));
#453=CARTESIAN_POINT('',(-2.97641901867903,4.25773788095799,10.27908853319));
#454=CARTESIAN_POINT('',(-2.97641901867915,5.24476257040251,9.81226062114199));
#455=CARTESIAN_POINT('',(-2.97641901867897,6.18127733190685,9.2509352753852));
#456=CARTESIAN_POINT('',(-2.97641901867908,7.05826301295379,8.60051836585072));
#457=CARTESIAN_POINT('',(-2.97641901867905,7.86727376294021,7.86727376293157));
#458=CARTESIAN_POINT('',(-2.97641901867908,8.60051836584841,7.05826301298606));
#459=CARTESIAN_POINT('',(-2.97641901867907,9.25093527538579,6.18127733178644));
#460=CARTESIAN_POINT('',(-2.97641901867905,9.81226062114184,5.24476257085186));
#461=CARTESIAN_POINT('',(-2.9764190186791,10.27908853319,4.25773787928105));
#462=CARTESIAN_POINT('',(-2.97641901867906,10.646923203542,3.22970884441654));
#463=CARTESIAN_POINT('',(-2.97641901867907,10.9122221832436,2.17057594784181));
#464=CARTESIAN_POINT('',(-2.9764190186791,11.0724304980931,1.09053921833186));
#465=CARTESIAN_POINT('',(-2.97641901867906,11.1260052544398,-3.2574428233909E-15));
#466=CARTESIAN_POINT('',(-2.97641901867907,11.0724304980931,-1.09053921833185));
#467=CARTESIAN_POINT('',(-2.97641901867909,10.9122221832436,-2.17057594784181));
#468=CARTESIAN_POINT('',(-2.97641901867906,10.646923203542,-3.2297088444165));
#469=CARTESIAN_POINT('',(-2.9764190186791,10.27908853319,-4.25773787928106));
#470=CARTESIAN_POINT('',(-2.97641901867905,9.81226062114184,-5.24476257085186));
#471=CARTESIAN_POINT('',(-2.97641901867907,9.25093527538579,-6.18127733178645));
#472=CARTESIAN_POINT('',(-2.97641901867909,8.60051836584841,-7.05826301298606));
#473=CARTESIAN_POINT('',(-2.97641901867906,7.8672737629402,-7.86727376293157));
#474=CARTESIAN_POINT('',(-2.97641901867906,7.05826301295381,-8.60051836585072));
#475=CARTESIAN_POINT('',(-2.97641901867906,6.18127733190684,-9.25093527538518));
#476=CARTESIAN_POINT('',(-2.97641901867906,5.24476257040251,-9.81226062114201));
#477=CARTESIAN_POINT('',(-2.97641901867899,4.25773788095798,-10.27908853319));
#478=CARTESIAN_POINT('',(-2.97641901867923,3.22970883815812,-10.6469232035419));
#479=CARTESIAN_POINT('',(-2.97641901867859,2.17057597119849,-10.9122221832437));
#480=CARTESIAN_POINT('',(-2.97641901868069,1.09053913116352,-11.0724304980927));
#481=CARTESIAN_POINT('',(-2.97641901867555,0.363513260598929,-11.1081470023252));
#482=CARTESIAN_POINT('',(-2.97641901867957,1.36610194779269E-15,-11.1081470023241));
#483=CARTESIAN_POINT('',(-2.97641901897428,-2.00672963050186E-15,11.108147002245));
#484=CARTESIAN_POINT('',(-2.97641901897442,2.12735436579963E-15,-11.1081470022431));
#485=CARTESIAN_POINT('',(-2.97641901867957,1.36610194779269E-15,-11.1081470023241));
#486=CARTESIAN_POINT('',(-2.97641901867555,-0.363513260598916,-11.1081470023252));
#487=CARTESIAN_POINT('',(-2.97641901868069,-1.09053913116353,-11.0724304980927));
#488=CARTESIAN_POINT('',(-2.9764190186786,-2.17057597119849,-10.9122221832437));
#489=CARTESIAN_POINT('',(-2.97641901867924,-3.22970883815811,-10.6469232035419));
#490=CARTESIAN_POINT('',(-2.97641901867899,-4.25773788095799,-10.27908853319));
#491=CARTESIAN_POINT('',(-2.97641901867906,-5.24476257040251,-9.81226062114201));
#492=CARTESIAN_POINT('',(-2.97641901867906,-6.18127733190685,-9.25093527538518));
#493=CARTESIAN_POINT('',(-2.97641901867906,-7.05826301295381,-8.60051836585072));
#494=CARTESIAN_POINT('',(-2.97641901867906,-7.8672737629402,-7.86727376293157));
#495=CARTESIAN_POINT('',(-2.97641901867908,-8.60051836584842,-7.05826301298604));
#496=CARTESIAN_POINT('',(-2.97641901867907,-9.25093527538579,-6.18127733178645));
#497=CARTESIAN_POINT('',(-2.97641901867905,-9.81226062114184,-5.24476257085186));
#498=CARTESIAN_POINT('',(-2.9764190186791,-10.27908853319,-4.25773787928105));
#499=CARTESIAN_POINT('',(-2.97641901867906,-10.646923203542,-3.22970884441654));
#500=CARTESIAN_POINT('',(-2.97641901867908,-10.9122221832436,-2.17057594784181));
#501=CARTESIAN_POINT('',(-2.97641901867907,-11.0724304980931,-1.09053921833184));
#502=CARTESIAN_POINT('',(-2.97641901867906,-11.1260052544398,-3.74829037212104E-15));
#503=CARTESIAN_POINT('',(-2.9764190186791,-11.0724304980931,1.09053921833186));
#504=CARTESIAN_POINT('',(-2.97641901867907,-10.9122221832436,2.17057594784181));
#505=CARTESIAN_POINT('',(-2.97641901867906,-10.646923203542,3.22970884441654));
#506=CARTESIAN_POINT('',(-2.9764190186791,-10.27908853319,4.25773787928105));
#507=CARTESIAN_POINT('',(-2.97641901867905,-9.81226062114184,5.24476257085186));
#508=CARTESIAN_POINT('',(-2.97641901867908,-9.25093527538579,6.18127733178645));
#509=CARTESIAN_POINT('',(-2.97641901867908,-8.60051836584841,7.05826301298606));
#510=CARTESIAN_POINT('',(-2.97641901867905,-7.86727376294021,7.86727376293157));
#511=CARTESIAN_POINT('',(-2.97641901867909,-7.05826301295379,8.60051836585073));
#512=CARTESIAN_POINT('',(-2.97641901867897,-6.18127733190685,9.2509352753852));
#513=CARTESIAN_POINT('',(-2.97641901867915,-5.24476257040251,9.81226062114199));
#514=CARTESIAN_POINT('',(-2.97641901867903,-4.25773788095798,10.27908853319));
#515=CARTESIAN_POINT('',(-2.97641901867899,-3.22970883815811,10.646923203542));
#516=CARTESIAN_POINT('',(-2.97641901867913,-2.17057597119849,10.9122221832436));
#517=CARTESIAN_POINT('',(-2.97641901867911,-1.09053913116352,11.0724304980931));
#518=CARTESIAN_POINT('',(-2.97641901867907,-0.363513260598926,11.1081470023243));
#519=CARTESIAN_POINT('',(-2.97641901867907,-3.40088916771367E-16,11.1081470023243));
#520=CARTESIAN_POINT('',(-16.17070089209,0.,2.348091317438));
#521=CARTESIAN_POINT('',(11.3757284839984,-3.28009697175965E-16,-3.24177492374434));
#522=CARTESIAN_POINT('',(11.37572848604,0.0234374999999995,-3.24177492421569));
#523=CARTESIAN_POINT('',(11.3749761881981,0.0709049055343303,-3.24386046688095));
#524=CARTESIAN_POINT('',(11.3714458704734,0.142957149303838,-3.2536472802538));
#525=CARTESIAN_POINT('',(11.3654278660661,0.214827257674965,-3.27033049223323));
#526=CARTESIAN_POINT('',(11.3569062220287,0.285417673874576,-3.29395432750825));
#527=CARTESIAN_POINT('',(11.3459405751743,0.353617511167029,-3.32435345980919));
#528=CARTESIAN_POINT('',(11.3326666855273,0.418358600734632,-3.36115153308139));
#529=CARTESIAN_POINT('',(11.3172912293578,0.478670158744766,-3.40377559632072));
#530=CARTESIAN_POINT('',(11.3000809405734,0.533727942330032,-3.45148620596666));
#531=CARTESIAN_POINT('',(11.2844706222939,0.574693813189947,-3.49476135206191));
#532=CARTESIAN_POINT('',(11.2713904140069,0.604301889392752,-3.53102249005856));
#533=CARTESIAN_POINT('',(11.2613304960484,0.624889265114158,-3.55891073601418));
#534=CARTESIAN_POINT('',(11.2527671266477,0.640690419785906,-3.58265022857322));
#535=CARTESIAN_POINT('',(11.2458486551532,0.652483784716147,-3.60182971186985));
#536=CARTESIAN_POINT('',(11.2387993261775,0.663862089029826,-3.62137195993628));
#537=CARTESIAN_POINT('',(11.2297373504676,0.677288783530279,-3.64649369502538));
#538=CARTESIAN_POINT('',(11.214743765294,0.696929784823629,-3.68805911968802));
#539=CARTESIAN_POINT('',(11.1951449134293,0.717783202145731,-3.74239132724993));
#540=CARTESIAN_POINT('',(11.1705362803718,0.736196940935586,-3.81061171732609));
#541=CARTESIAN_POINT('',(11.145170253743,0.747469516568276,-3.88093176223222));
#542=CARTESIAN_POINT('',(11.1194158163856,0.751265241715861,-3.95232856265541));
#543=CARTESIAN_POINT('',(11.093661378367,0.747469516568277,-4.02372536292594));
#544=CARTESIAN_POINT('',(11.0682953497743,0.736196940935587,-4.09404540737867));
#545=CARTESIAN_POINT('',(11.0436867135089,0.717783202145731,-4.16226579671422));
#546=CARTESIAN_POINT('',(11.0240878580111,0.696929784823629,-4.21659800343737));
#547=CARTESIAN_POINT('',(11.0090942694157,0.67728878353028,-4.25816342731003));
#548=CARTESIAN_POINT('',(11.0000322913666,0.663862089029827,-4.2832851618591));
#549=CARTESIAN_POINT('',(10.9929829604087,0.652483784716148,-4.30282740946788));
#550=CARTESIAN_POINT('',(10.9860644868596,0.640690419785906,-4.32200689229016));
#551=CARTESIAN_POINT('',(10.9775011147061,0.62488926511416,-4.34574638421367));
#552=CARTESIAN_POINT('',(10.9674411931609,0.604301889392753,-4.37363462934124));
#553=CARTESIAN_POINT('',(10.9543609797157,0.574693813189948,-4.40989576614702));
#554=CARTESIAN_POINT('',(10.9387506542992,0.533727942330031,-4.45317091059458));
#555=CARTESIAN_POINT('',(10.9215403559229,0.478670158744767,-4.50088151802604));
#556=CARTESIAN_POINT('',(10.9061648892461,0.418358600734633,-4.54350557883957));
#557=CARTESIAN_POINT('',(10.8928909883201,0.353617511167031,-4.58030364950781));
#558=CARTESIAN_POINT('',(10.8819253295841,0.285417673874576,-4.61070277906568));
#559=CARTESIAN_POINT('',(10.8734036732487,0.214827257674966,-4.63432661150148));
#560=CARTESIAN_POINT('',(10.8673856563204,0.142957149303838,-4.65100982059022));
#561=CARTESIAN_POINT('',(10.8638553260431,0.0709049055343301,-4.66079663106505));
#562=CARTESIAN_POINT('',(10.8631030199316,0.0234374999999999,-4.66288217182112));
#563=CARTESIAN_POINT('',(10.86310301789,-1.71624545223245E-16,-4.66288217134978));
#564=CARTESIAN_POINT('',(11.3757284839978,-1.64004848587982E-16,-3.24177492374598));
#565=CARTESIAN_POINT('',(10.86310301789,-1.71624968739719E-16,-4.66288217134978));
#566=CARTESIAN_POINT('',(10.86310301789,-1.71624545223245E-16,-4.66288217134978));
#567=CARTESIAN_POINT('',(10.8631030159651,-0.0220970869120798,-4.66288217090539));
#568=CARTESIAN_POINT('',(10.8637712164222,-0.0671047531610611,-4.66102976479084));
#569=CARTESIAN_POINT('',(10.8669851412659,-0.136332704107839,-4.65212006077864));
#570=CARTESIAN_POINT('',(10.8725805344175,-0.206398166262237,-4.63660841790817));
#571=CARTESIAN_POINT('',(10.8806743517003,-0.276286597647377,-4.61417060992966));
#572=CARTESIAN_POINT('',(10.891316936515,-0.344881636176682,-4.58466707447962));
#573=CARTESIAN_POINT('',(10.9044812187539,-0.411012526397912,-4.54817285598252));
#574=CARTESIAN_POINT('',(10.9200568374279,-0.473512148464813,-4.50499389896972));
#575=CARTESIAN_POINT('',(10.9378504461947,-0.531280448539373,-4.45566620107317));
#576=CARTESIAN_POINT('',(10.9575927763988,-0.583346572717162,-4.40093623275406));
#577=CARTESIAN_POINT('',(10.9789520370564,-0.628922604678774,-4.34172378966919));
#578=CARTESIAN_POINT('',(11.0015522882843,-0.667442809051672,-4.27907105759361));
#579=CARTESIAN_POINT('',(11.0249946527358,-0.698584189848427,-4.21408380978494));
#580=CARTESIAN_POINT('',(11.0488790757885,-0.722267786335557,-4.14787108309634));
#581=CARTESIAN_POINT('',(11.0688330530504,-0.735911278265082,-4.09255439399333));
#582=CARTESIAN_POINT('',(11.0846534076265,-0.743343220793033,-4.04869699120957));
#583=CARTESIAN_POINT('',(11.0964096047276,-0.747235573937894,-4.01610630164912));
#584=CARTESIAN_POINT('',(11.1060826586201,-0.749132239167437,-3.98929053037715));
#585=CARTESIAN_POINT('',(11.1137368979181,-0.749877919798791,-3.96807134451826));
#586=CARTESIAN_POINT('',(11.1194156856076,-0.750061040100604,-3.95232853246293));
#587=CARTESIAN_POINT('',(11.125094473329,-0.749877919798791,-3.93658572041496));
#588=CARTESIAN_POINT('',(11.132748712757,-0.749132239167437,-3.91536653458605));
#589=CARTESIAN_POINT('',(11.1424217669798,-0.747235573937894,-3.88855076339038));
#590=CARTESIAN_POINT('',(11.1541779647591,-0.743343220793033,-3.85596007398649));
#591=CARTESIAN_POINT('',(11.1699983206299,-0.735911278265082,-3.81210267150164));
#592=CARTESIAN_POINT('',(11.1899523002687,-0.722267786335557,-3.7567859829474));
#593=CARTESIAN_POINT('',(11.2138367274475,-0.698584189848427,-3.69057325721137));
#594=CARTESIAN_POINT('',(11.2372790973244,-0.667442809051671,-3.62558601065524));
#595=CARTESIAN_POINT('',(11.2598793552631,-0.628922604678775,-3.56293328012898));
#596=CARTESIAN_POINT('',(11.2812386238609,-0.583346572717162,-3.50372083887723));
#597=CARTESIAN_POINT('',(11.3009809631357,-0.531280448539372,-3.44899087265228));
#598=CARTESIAN_POINT('',(11.3187745819668,-0.473512148464813,-3.39966317707923));
#599=CARTESIAN_POINT('',(11.3343502115293,-0.411012526397912,-3.35648422258024));
#600=CARTESIAN_POINT('',(11.3475145052893,-0.344881636176682,-3.31999000674299));
#601=CARTESIAN_POINT('',(11.3581571020543,-0.276286597647378,-3.29048647405192));
#602=CARTESIAN_POINT('',(11.3662509315129,-0.206398166262237,-3.2680486688844));
#603=CARTESIAN_POINT('',(11.371846336871,-0.136332704107839,-3.25253702883204));
#604=CARTESIAN_POINT('',(11.3750602737754,-0.0671047531610612,-3.24362732760425));
#605=CARTESIAN_POINT('',(11.3757284820735,-0.0220970869120799,-3.24177492329996));
#606=CARTESIAN_POINT('',(11.3757284839984,-3.28009697175965E-16,-3.24177492374434));
#607=CARTESIAN_POINT('',(-9.787359913323,-1.13979325948528E-12,5.43051822994883));
#608=CARTESIAN_POINT('',(-9.787359913323,10.8610364598746,5.43051822993778));
#609=CARTESIAN_POINT('',(-9.787359913323,10.8610364598746,-5.43051822993795));
#610=CARTESIAN_POINT('',(-9.78735991332299,-1.10329339712119E-12,-5.43051822994907));
#611=CARTESIAN_POINT('',(-9.70802260767843,-1.04266286546986E-12,5.52390363197651));
#612=CARTESIAN_POINT('',(-9.70802260767843,11.0478072639297,5.52390363196526));
#613=CARTESIAN_POINT('',(-9.70802260767843,11.0478072639297,-5.52390363196544));
#614=CARTESIAN_POINT('',(-9.70802260767842,-1.00970413333867E-12,-5.52390363197675));
#615=CARTESIAN_POINT('',(-9.58869813824674,-8.98035973699003E-13,5.66295393163869));
#616=CARTESIAN_POINT('',(-9.58869813824674,11.3259078632536,5.66295393162715));
#617=CARTESIAN_POINT('',(-9.58869813824674,11.3259078632536,-5.66295393162734));
#618=CARTESIAN_POINT('',(-9.58869813824674,-8.70350268488659E-13,-5.66295393163893));
#619=CARTESIAN_POINT('',(-9.4295844437507,-7.07382588423601E-13,5.84625554237607));
#620=CARTESIAN_POINT('',(-9.4295844437507,11.6925110847278,5.84625554236415));
#621=CARTESIAN_POINT('',(-9.4295844437507,11.6925110847278,-5.84625554236435));
#622=CARTESIAN_POINT('',(-9.4295844437507,-6.86648461321085E-13,-5.84625554237631));
#623=CARTESIAN_POINT('',(-9.31038559219589,-5.65485950990266E-13,5.98268031005369));
#624=CARTESIAN_POINT('',(-9.31038559219589,11.9653606200826,5.98268031004149));
#625=CARTESIAN_POINT('',(-9.31038559219589,11.9653606200826,-5.9826803100417));
#626=CARTESIAN_POINT('',(-9.31038559219589,-5.49925831300592E-13,-5.98268031005393));
#627=CARTESIAN_POINT('',(-9.1915202679018,-4.24725333238031E-13,6.11801270452426));
#628=CARTESIAN_POINT('',(-9.1915202679018,12.2360254090233,6.11801270451178));
#629=CARTESIAN_POINT('',(-9.1915202679018,12.2360254090234,-6.11801270451199));
#630=CARTESIAN_POINT('',(-9.19152026790179,-4.14297951039672E-13,-6.1180127045245));
#631=CARTESIAN_POINT('',(-9.0333900281241,-2.38350832575064E-13,6.29719975684047));
#632=CARTESIAN_POINT('',(-9.0333900281241,12.5943995136552,6.29719975682761));
#633=CARTESIAN_POINT('',(-9.0333900281241,12.5943995136552,-6.29719975682785));
#634=CARTESIAN_POINT('',(-9.0333900281241,-2.34719650147671E-13,-6.29719975684071));
#635=CARTESIAN_POINT('',(-8.91474562092234,-9.95409316288719E-14,6.43065629075722));
#636=CARTESIAN_POINT('',(-8.91474562092234,12.8613125814883,6.43065629074409));
#637=CARTESIAN_POINT('',(-8.91474562092234,12.8613125814883,-6.43065629074433));
#638=CARTESIAN_POINT('',(-8.91474562092234,-1.00971706735428E-13,-6.43065629075746));
#639=CARTESIAN_POINT('',(-8.83528660660439,-7.03197660212024E-15,6.51959742814267));
#640=CARTESIAN_POINT('',(-8.8352866066044,13.0391948562589,6.51959742812935));
#641=CARTESIAN_POINT('',(-8.83528660660439,13.0391948562589,-6.5195974281296));
#642=CARTESIAN_POINT('',(-8.83528660660439,-1.1836356295113E-14,-6.51959742814291));
#643=CARTESIAN_POINT('',(-9.78735991332303,-9.97570015202758E-16,-5.430518229949));
#644=CARTESIAN_POINT('',(-9.78735991332303,0.177713293504096,-5.430518229949));
#645=CARTESIAN_POINT('',(-9.78735991332303,0.533139562432613,-5.41305725042679));
#646=CARTESIAN_POINT('',(-9.78735991332303,1.06114479567261,-5.33473508074378));
#647=CARTESIAN_POINT('',(-9.78735991332303,1.57893055604821,-5.20503649597036));
#648=CARTESIAN_POINT('',(-9.78735991332303,2.0815103703659,-5.0252105643784));
#649=CARTESIAN_POINT('',(-9.78735991332303,2.56404409703667,-4.79698910799182));
#650=CARTESIAN_POINT('',(-9.78735991332303,3.02188467871978,-4.52257002419477));
#651=CARTESIAN_POINT('',(-9.78735991332302,3.45062285866402,-4.20459611877466));
#652=CARTESIAN_POINT('',(-9.78735991332303,3.8461296542715,-3.84612965427147));
#653=CARTESIAN_POINT('',(-9.78735991332303,4.20459611877466,-3.45062285866401));
#654=CARTESIAN_POINT('',(-9.78735991332303,4.52257002419478,-3.02188467871976));
#655=CARTESIAN_POINT('',(-9.78735991332303,4.79698910799183,-2.56404409703664));
#656=CARTESIAN_POINT('',(-9.78735991332303,5.02521056437841,-2.08151037036588));
#657=CARTESIAN_POINT('',(-9.78735991332303,5.20503649597037,-1.57893055604818));
#658=CARTESIAN_POINT('',(-9.78735991332303,5.33473508074379,-1.06114479567259));
#659=CARTESIAN_POINT('',(-9.78735991332303,5.4130572504268,-0.533139562432592));
#660=CARTESIAN_POINT('',(-9.78735991332303,5.430518229949,-0.177713293504074));
#661=CARTESIAN_POINT('',(-9.78735991332303,5.430518229949,2.27862521445404E-14));
#662=CARTESIAN_POINT('',(-9.78735991332834,5.43051822999913,-2.01195750068556E-15));
#663=CARTESIAN_POINT('',(-9.78735991167071,1.85727711781674E-16,-5.43051823189386));
#664=CARTESIAN_POINT('',(-9.78735991167074,7.82146416833072E-15,-5.43051823189389));
#665=CARTESIAN_POINT('',(-9.70802260941809,2.77587430351466E-14,-5.52390362991607));
#666=CARTESIAN_POINT('',(-9.58869814510387,5.14271844872067E-14,-5.66295392365767));
#667=CARTESIAN_POINT('',(-9.42958445740948,6.16346113112555E-14,-5.84625552668254));
#668=CARTESIAN_POINT('',(-9.31038561092842,6.05514224914385E-14,-5.98268028866555));
#669=CARTESIAN_POINT('',(-9.19152029164824,5.7136994046469E-14,-6.11801267754162));
#670=CARTESIAN_POINT('',(-9.03339005860336,3.40371121787268E-14,-6.29719972242189));
#671=CARTESIAN_POINT('',(-8.91474565654845,7.74895250126694E-15,-6.43065625073652));
#672=CARTESIAN_POINT('',(-8.83528664575039,-1.45049870329306E-14,-6.51959738432548));
#673=CARTESIAN_POINT('',(-8.83528664575055,-2.31374849871616E-16,-6.51959738432562));
#674=CARTESIAN_POINT('',(-8.83528660660439,-1.45049870379464E-14,-6.51959742814291));
#675=CARTESIAN_POINT('',(-8.83528660823536,0.213353326922936,-6.51959742631708));
#676=CARTESIAN_POINT('',(-8.83528661149732,0.640059598539886,-6.49863467981748));
#677=CARTESIAN_POINT('',(-8.83528661639024,1.27395518754144,-6.40460515569182));
#678=CARTESIAN_POINT('',(-8.83528662128316,1.89558180849841,-6.24889578301341));
#679=CARTESIAN_POINT('',(-8.83528662617609,2.49895296138376,-6.03300612826294));
#680=CARTESIAN_POINT('',(-8.83528663106901,3.0782578242949,-5.75901532693213));
#681=CARTESIAN_POINT('',(-8.83528663596193,3.62791738224256,-5.42956206031252));
#682=CARTESIAN_POINT('',(-8.83528664085486,4.14263811126039,-5.0478191435469));
#683=CARTESIAN_POINT('',(-8.83528664574778,4.61746296995258,-4.6174629697007));
#684=CARTESIAN_POINT('',(-8.8352866506407,5.0478191352913,-4.14263810402432));
#685=CARTESIAN_POINT('',(-8.83528665553363,5.42956204226447,-3.6279173697546));
#686=CARTESIAN_POINT('',(-8.83528666042655,5.75901529807049,-3.07825780846365));
#687=CARTESIAN_POINT('',(-8.83528666531948,6.03300608785174,-2.49895294425853));
#688=CARTESIAN_POINT('',(-8.83528667021239,6.24889573061872,-1.89558179223123));
#689=CARTESIAN_POINT('',(-8.83528667510532,6.40460509119384,-1.27395517434715));
#690=CARTESIAN_POINT('',(-8.83528667999824,6.4986346034177,-0.640059590655033));
#691=CARTESIAN_POINT('',(-8.83528668326019,6.51959734233272,-0.213353324055298));
#692=CARTESIAN_POINT('',(-8.83528668489117,6.51959734050711,0.));
#693=CARTESIAN_POINT('',(-8.83528668489358,6.51959734050443,0.));
#694=CARTESIAN_POINT('',(-8.83528668489117,6.51959734050711,-2.89528283148933E-14));
#695=CARTESIAN_POINT('',(-8.83528668326022,6.51959734233268,0.213353324055264));
#696=CARTESIAN_POINT('',(-8.83528667999832,6.4986346034176,0.640059590654992));
#697=CARTESIAN_POINT('',(-8.83528667510547,6.40460509119365,1.27395517434706));
#698=CARTESIAN_POINT('',(-8.83528667021261,6.24889573061844,1.89558179223108));
#699=CARTESIAN_POINT('',(-8.83528666531976,6.03300608785138,2.49895294425832));
#700=CARTESIAN_POINT('',(-8.83528666042692,5.75901529807006,3.07825780846334));
#701=CARTESIAN_POINT('',(-8.83528665553406,5.42956204226399,3.6279173697542));
#702=CARTESIAN_POINT('',(-8.83528665064121,5.04781913529078,4.14263810402381));
#703=CARTESIAN_POINT('',(-8.83528664574836,4.61746296995204,4.61746296970007));
#704=CARTESIAN_POINT('',(-8.83528664085551,4.14263811125986,5.04781914354615));
#705=CARTESIAN_POINT('',(-8.83528663596265,3.62791738224204,5.42956206031165));
#706=CARTESIAN_POINT('',(-8.83528663106981,3.07825782429441,5.75901532693113));
#707=CARTESIAN_POINT('',(-8.83528662617696,2.49895296138334,6.03300612826182));
#708=CARTESIAN_POINT('',(-8.83528662128411,1.89558180849808,6.24889578301216));
#709=CARTESIAN_POINT('',(-8.83528661639126,1.27395518754119,6.40460515569047));
#710=CARTESIAN_POINT('',(-8.8352866114984,0.640059598539762,6.49863467981603));
#711=CARTESIAN_POINT('',(-8.8352866082365,0.213353326922896,6.51959742631557));
#712=CARTESIAN_POINT('',(-8.83528660660555,-6.81129503485672E-15,6.51959742814137));
#713=CARTESIAN_POINT('',(-8.83528664575055,1.315722947341E-16,6.51959738432562));
#714=CARTESIAN_POINT('',(-9.78735991167058,-1.33487887980718E-14,5.43051823189374));
#715=CARTESIAN_POINT('',(-9.70802260941793,-2.17439089726421E-14,5.52390362991637));
#716=CARTESIAN_POINT('',(-9.58869814510371,-2.87166674965014E-14,5.66295392365819));
#717=CARTESIAN_POINT('',(-9.42958445740934,-3.54717985070441E-14,5.84625552668294));
#718=CARTESIAN_POINT('',(-9.31038561092827,-3.5422744293786E-14,5.98268028866576));
#719=CARTESIAN_POINT('',(-9.1915202916481,-3.04609992827105E-14,6.11801267754166));
#720=CARTESIAN_POINT('',(-9.03339005860323,-2.13400536497229E-14,6.2971997224218));
#721=CARTESIAN_POINT('',(-8.91474565654833,-9.16161245000476E-15,6.43065625073641));
#722=CARTESIAN_POINT('',(-8.83528664575027,9.8405662588839E-16,6.51959738432537));
#723=CARTESIAN_POINT('',(-9.78735991167071,7.98408411855538E-16,5.43051823189386));
#724=CARTESIAN_POINT('',(-9.78735991332303,5.430518229949,-2.69382164794321E-15));
#725=CARTESIAN_POINT('',(-9.78735991332303,5.430518229949,0.177713293504093));
#726=CARTESIAN_POINT('',(-9.78735991332302,5.41305725042679,0.533139562432609));
#727=CARTESIAN_POINT('',(-9.78735991332303,5.33473508074379,1.0611447956726));
#728=CARTESIAN_POINT('',(-9.78735991332302,5.20503649597036,1.5789305560482));
#729=CARTESIAN_POINT('',(-9.78735991332303,5.02521056437841,2.08151037036589));
#730=CARTESIAN_POINT('',(-9.78735991332303,4.79698910799182,2.56404409703666));
#731=CARTESIAN_POINT('',(-9.78735991332303,4.52257002419478,3.02188467871977));
#732=CARTESIAN_POINT('',(-9.78735991332303,4.20459611877466,3.45062285866402));
#733=CARTESIAN_POINT('',(-9.78735991332303,3.84612965427149,3.84612965427148));
#734=CARTESIAN_POINT('',(-9.78735991332303,3.45062285866402,4.20459611877466));
#735=CARTESIAN_POINT('',(-9.78735991332303,3.02188467871977,4.52257002419477));
#736=CARTESIAN_POINT('',(-9.78735991332303,2.56404409703666,4.79698910799182));
#737=CARTESIAN_POINT('',(-9.78735991332303,2.0815103703659,5.0252105643784));
#738=CARTESIAN_POINT('',(-9.78735991332303,1.5789305560482,5.20503649597036));
#739=CARTESIAN_POINT('',(-9.78735991332303,1.06114479567261,5.33473508074378));
#740=CARTESIAN_POINT('',(-9.78735991332302,0.533139562432608,5.41305725042679));
#741=CARTESIAN_POINT('',(-9.78735991332303,0.177713293504105,5.430518229949));
#742=CARTESIAN_POINT('',(-9.78735991332303,8.77324426275136E-15,5.430518229949));
#743=CARTESIAN_POINT('',(-8.835286684896,-1.50200694064516E-12,6.5195973405079));
#744=CARTESIAN_POINT('',(-8.835286684896,13.039194680996,6.51959734049881));
#745=CARTESIAN_POINT('',(-8.835286684896,13.0391946809959,-6.51959734049865));
#746=CARTESIAN_POINT('',(-8.835286684896,-1.53251102572111E-12,-6.51959734050768));
#747=CARTESIAN_POINT('',(-8.75871340895177,-1.44370462751959E-12,6.60530837450772));
#748=CARTESIAN_POINT('',(-8.75871340895178,13.2106167489954,6.60530837449852));
#749=CARTESIAN_POINT('',(-8.75871340895178,13.2106167489954,-6.60530837449835));
#750=CARTESIAN_POINT('',(-8.75871340895178,-1.4717144882219E-12,-6.6053083745075));
#751=CARTESIAN_POINT('',(-8.60488926590814,-1.32713584798664E-12,6.77667767400357));
#752=CARTESIAN_POINT('',(-8.60488926590814,13.5533553479868,6.77667767399413));
#753=CARTESIAN_POINT('',(-8.60488926590814,13.5533553479867,-6.77667767399396));
#754=CARTESIAN_POINT('',(-8.60488926590814,-1.35015864235111E-12,-6.77667767400335));
#755=CARTESIAN_POINT('',(-8.40935651476189,-1.18032796555525E-12,6.99250170356733));
#756=CARTESIAN_POINT('',(-8.40935651476189,13.9850034071138,6.9925017035576));
#757=CARTESIAN_POINT('',(-8.40935651476189,13.9850034071138,-6.99250170355741));
#758=CARTESIAN_POINT('',(-8.40935651476189,-1.19706962239463E-12,-6.99250170356711));
#759=CARTESIAN_POINT('',(-8.25004427989752,-1.06151260513007E-12,7.16717348836274));
#760=CARTESIAN_POINT('',(-8.25004427989752,14.3343469767043,7.16717348835278));
#761=CARTESIAN_POINT('',(-8.25004427989752,14.3343469767043,-7.16717348835258));
#762=CARTESIAN_POINT('',(-8.25004427989752,-1.07317055567946E-12,-7.16717348836253));
#763=CARTESIAN_POINT('',(-8.12888209024709,-9.71536756896558E-13,7.29944793509183));
#764=CARTESIAN_POINT('',(-8.12888209024709,14.5988958701622,7.29944793508168));
#765=CARTESIAN_POINT('',(-8.12888209024709,14.5988958701622,-7.29944793508148));
#766=CARTESIAN_POINT('',(-8.12888209024709,-9.7934483780206E-13,-7.29944793509161));
#767=CARTESIAN_POINT('',(-8.0058132187999,-8.80526329620533E-13,7.43324327799546));
#768=CARTESIAN_POINT('',(-8.0058132187999,14.8664865559692,7.43324327798513));
#769=CARTESIAN_POINT('',(-8.0058132187999,14.8664865559692,-7.43324327798492));
#770=CARTESIAN_POINT('',(-8.0058132187999,-8.84440166406297E-13,-7.43324327799525));
#771=CARTESIAN_POINT('',(-7.88058485005322,-7.8827463311434E-13,7.56886337696181));
#772=CARTESIAN_POINT('',(-7.88058485005322,15.1377267539016,7.56886337695129));
#773=CARTESIAN_POINT('',(-7.88058485005322,15.1377267539016,-7.56886337695107));
#774=CARTESIAN_POINT('',(-7.88058485005322,-7.88241012805399E-13,-7.56886337696159));
#775=CARTESIAN_POINT('',(-7.75319875456432,-6.94959157283018E-13,7.70604727936889));
#776=CARTESIAN_POINT('',(-7.75319875456432,15.4120945587155,7.70604727935819));
#777=CARTESIAN_POINT('',(-7.75319875456432,15.4120945587155,-7.70604727935796));
#778=CARTESIAN_POINT('',(-7.75319875456432,-6.90932411828117E-13,-7.70604727936867));
#779=CARTESIAN_POINT('',(-7.58052801210421,-5.69435263196505E-13,7.89058093424324));
#780=CARTESIAN_POINT('',(-7.58052801210421,15.7811618684638,7.89058093423229));
#781=CARTESIAN_POINT('',(-7.58052801210422,15.7811618684638,-7.89058093423205));
#782=CARTESIAN_POINT('',(-7.58052801210421,-5.60036865965338E-13,-7.89058093424302));
#783=CARTESIAN_POINT('',(-7.35947412890041,-4.11014946788825E-13,8.12347557458724));
#784=CARTESIAN_POINT('',(-7.35947412890042,16.2469511491513,8.12347557457597));
#785=CARTESIAN_POINT('',(-7.35947412890042,16.2469511491513,-8.12347557457572));
#786=CARTESIAN_POINT('',(-7.35947412890042,-3.94836479944021E-13,-8.12347557458702));
#787=CARTESIAN_POINT('',(-7.08612827512234,-2.20282076834124E-13,8.40387239683775));
#788=CARTESIAN_POINT('',(-7.08612827512235,16.8077447936517,8.4038723968261));
#789=CARTESIAN_POINT('',(-7.08612827512235,16.8077447936517,-8.40387239682583));
#790=CARTESIAN_POINT('',(-7.08612827512235,-1.95939125754092E-13,-8.40387239683753));
#791=CARTESIAN_POINT('',(-6.89868462009796,-9.39033409482927E-14,8.58966145259723));
#792=CARTESIAN_POINT('',(-6.89868462009796,17.1793229051703,8.58966145258533));
#793=CARTESIAN_POINT('',(-6.89868462009796,17.1793229051703,-8.58966145258505));
#794=CARTESIAN_POINT('',(-6.89868462009796,-6.41493201879619E-14,-8.58966145259701));
#795=CARTESIAN_POINT('',(-6.80370320909453,-3.12071182521694E-14,8.68183081727928));
#796=CARTESIAN_POINT('',(-6.80370320909453,17.3636616345342,8.68183081726725));
#797=CARTESIAN_POINT('',(-6.80370320909453,17.3636616345342,-8.68183081726697));
#798=CARTESIAN_POINT('',(-6.80370320909453,1.2317379595495E-15,-8.68183081727906));
#799=CARTESIAN_POINT('',(-6.803703209365,-6.82454790410769E-12,1.04679630536593E-12));
#800=CARTESIAN_POINT('',(-6.8037032090945,-3.27796252472393E-16,-8.68183081727903));
#801=CARTESIAN_POINT('',(-6.80370320909464,1.94892746045498E-16,8.68183081727917));
#802=CARTESIAN_POINT('',(-6.80370320909464,-3.10489467479359E-14,8.68183081727917));
#803=CARTESIAN_POINT('',(-6.89868461807488,-1.05304669907689E-14,8.58966145456042));
#804=CARTESIAN_POINT('',(-7.08612826916018,1.80136941446655E-14,8.40387240278936));
#805=CARTESIAN_POINT('',(-7.35947411736846,6.50602871062809E-14,8.123475586538));
#806=CARTESIAN_POINT('',(-7.58052799622656,6.81017694441503E-14,7.89058095106774));
#807=CARTESIAN_POINT('',(-7.75319873539712,8.85974644421976E-14,7.70604729993027));
#808=CARTESIAN_POINT('',(-7.88058482851154,8.48008182117098E-14,7.56886340023015));
#809=CARTESIAN_POINT('',(-8.00581319499034,8.46963977829435E-14,7.43324330382779));
#810=CARTESIAN_POINT('',(-8.12888206423055,7.83319865863225E-14,7.29944796343012));
#811=CARTESIAN_POINT('',(-8.25004425170177,7.1997688243248E-14,7.16717351920605));
#812=CARTESIAN_POINT('',(-8.40935648368411,5.75255395433312E-14,6.99250173775736));
#813=CARTESIAN_POINT('',(-8.60488923123168,4.458751624274E-14,6.77667771243795));
#814=CARTESIAN_POINT('',(-8.75871337132149,1.31167225502051E-14,6.60530841649033));
#815=CARTESIAN_POINT('',(-8.8352866457501,-2.41254693784299E-15,6.51959738432521));
#816=CARTESIAN_POINT('',(-6.80370320909446,2.52757870198851E-14,-8.681830817279));
#817=CARTESIAN_POINT('',(-6.89868461807475,1.32220159712306E-14,-8.58966145455973));
#818=CARTESIAN_POINT('',(-7.08612826916018,-1.08559948397194E-14,-8.40387240278804));
#819=CARTESIAN_POINT('',(-7.35947411736864,-2.22071061485749E-14,-8.12347558653659));
#820=CARTESIAN_POINT('',(-7.58052799622689,-3.43530206735667E-14,-7.89058095106665));
#821=CARTESIAN_POINT('',(-7.75319873539754,-3.9344029390823E-14,-7.70604729992948));
#822=CARTESIAN_POINT('',(-7.88058482851204,-3.96632765524509E-14,-7.56886340022957));
#823=CARTESIAN_POINT('',(-8.00581319499092,-4.00528677840157E-14,-7.43324330382736));
#824=CARTESIAN_POINT('',(-8.1288820642312,-3.82546575903564E-14,-7.29944796342972));
#825=CARTESIAN_POINT('',(-8.25004425170249,-3.44778256479068E-14,-7.16717351920567));
#826=CARTESIAN_POINT('',(-8.40935648368492,-2.86992975711123E-14,-6.99250173775699));
#827=CARTESIAN_POINT('',(-8.60488923123261,-5.3453221835991E-15,-6.77667771243779));
#828=CARTESIAN_POINT('',(-8.7587133713225,7.16350621812751E-15,-6.60530841649079));
#829=CARTESIAN_POINT('',(-8.83528664575116,1.70674908628949E-14,-6.51959738432617));
#830=CARTESIAN_POINT('',(-6.80370320909463,-2.75577968740295E-13,8.68183081727916));
#831=CARTESIAN_POINT('',(-6.80370320909464,17.3636616345352,8.68183081726607));
#832=CARTESIAN_POINT('',(-6.80370320909463,17.3636616345325,-8.68183081726942));
#833=CARTESIAN_POINT('',(-6.80370320909463,-3.0011397489381E-12,-8.68183081727707));
#834=CARTESIAN_POINT('',(-6.73333735841492,-2.75994690407495E-13,8.75011339682521));
#835=CARTESIAN_POINT('',(-6.73333735841492,17.5002267936271,8.75011339681212));
#836=CARTESIAN_POINT('',(-6.73333735841492,17.5002267936245,-8.75011339681531));
#837=CARTESIAN_POINT('',(-6.73333735841492,-2.91913093814952E-12,-8.75011339682312));
#838=CARTESIAN_POINT('',(-6.59122316455942,-2.92404039894678E-13,8.88588795407126));
#839=CARTESIAN_POINT('',(-6.59122316455942,17.7717759081189,8.88588795405819));
#840=CARTESIAN_POINT('',(-6.59122316455942,17.7717759081164,-8.885887954061));
#841=CARTESIAN_POINT('',(-6.59122316455942,-2.74048169771587E-12,-8.88588795406916));
#842=CARTESIAN_POINT('',(-6.30160517716865,-4.04735356963443E-13,9.15278027979378));
#843=CARTESIAN_POINT('',(-6.30160517716865,18.3055605595632,9.15278027978094));
#844=CARTESIAN_POINT('',(-6.30160517716865,18.3055605595613,-9.15278027978265));
#845=CARTESIAN_POINT('',(-6.30160517716865,-2.30923314556268E-12,-9.15278027979168));
#846=CARTESIAN_POINT('',(-5.92975958284041,-6.50168747618178E-13,9.47561662764239));
#847=CARTESIAN_POINT('',(-5.92975958284041,18.9512332552594,9.47561662763004));
#848=CARTESIAN_POINT('',(-5.92975958284041,18.9512332552584,-9.47561662763));
#849=CARTESIAN_POINT('',(-5.92975958284041,-1.67802933013473E-12,-9.47561662764029));
#850=CARTESIAN_POINT('',(-5.54558348477645,-8.53629877956486E-13,9.77926692734409));
#851=CARTESIAN_POINT('',(-5.54558348477645,19.5585338546619,9.77926692733215));
#852=CARTESIAN_POINT('',(-5.54558348477645,19.5585338546616,-9.77926692733057));
#853=CARTESIAN_POINT('',(-5.54558348477645,-1.11171743628646E-12,-9.77926692734199));
#854=CARTESIAN_POINT('',(-5.23130687546419,-8.84987230274205E-13,10.0077454936566));
#855=CARTESIAN_POINT('',(-5.2313068754642,20.0154909872863,10.0077454936447));
#856=CARTESIAN_POINT('',(-5.2313068754642,20.0154909872864,-10.0077454936425));
#857=CARTESIAN_POINT('',(-5.23130687546419,-8.07331947723492E-13,-10.0077454936545));
#858=CARTESIAN_POINT('',(-4.99224001433536,-8.18108577029055E-13,10.171158996698));
#859=CARTESIAN_POINT('',(-4.99224001433536,20.3423179933688,10.171158996686));
#860=CARTESIAN_POINT('',(-4.99224001433536,20.3423179933689,-10.1711589966836));
#861=CARTESIAN_POINT('',(-4.99224001433536,-6.78931434578786E-13,-10.1711589966959));
#862=CARTESIAN_POINT('',(-4.74995572761182,-6.25996586758592E-13,10.3258811127007));
#863=CARTESIAN_POINT('',(-4.74995572761182,20.651762225374,10.3258811126883));
#864=CARTESIAN_POINT('',(-4.74995572761182,20.6517622253739,-10.3258811126863));
#865=CARTESIAN_POINT('',(-4.74995572761182,-6.86147442745762E-13,-10.3258811126986));
#866=CARTESIAN_POINT('',(-4.50444882675852,-3.19076560253842E-13,10.471251990851));
#867=CARTESIAN_POINT('',(-4.50444882675852,20.9425039816746,10.471251990838));
#868=CARTESIAN_POINT('',(-4.50444882675852,20.9425039816741,-10.4712519908369));
#869=CARTESIAN_POINT('',(-4.50444882675852,-8.19343009021971E-13,-10.4712519908489));
#870=CARTESIAN_POINT('',(-4.25547300512747,1.79806943888541E-14,10.6067519078666));
#871=CARTESIAN_POINT('',(-4.25547300512747,21.2135038157057,10.6067519078529));
#872=CARTESIAN_POINT('',(-4.25547300512747,21.2135038157047,-10.6067519078528));
#873=CARTESIAN_POINT('',(-4.25547300512747,-9.94468203616823E-13,-10.6067519078645));
#874=CARTESIAN_POINT('',(-4.00282655455968,3.14238152573576E-13,10.7318352343493));
#875=CARTESIAN_POINT('',(-4.00282655455968,21.4636704686712,10.7318352343351));
#876=CARTESIAN_POINT('',(-4.00282655455968,21.4636704686698,-10.7318352343359));
#877=CARTESIAN_POINT('',(-4.00282655455968,-1.14123783932482E-12,-10.7318352343472));
#878=CARTESIAN_POINT('',(-3.78905092258795,4.64933722424229E-13,10.8269419467962));
#879=CARTESIAN_POINT('',(-3.78905092258796,21.653883893565,10.8269419467817));
#880=CARTESIAN_POINT('',(-3.78905092258796,21.6538838935633,-10.8269419467828));
#881=CARTESIAN_POINT('',(-3.78905092258795,-1.17826669986013E-12,-10.8269419467941));
#882=CARTESIAN_POINT('',(-3.61598306584128,4.90972317039596E-13,10.8972793967629));
#883=CARTESIAN_POINT('',(-3.61598306584128,21.7945587934981,10.8972793967482));
#884=CARTESIAN_POINT('',(-3.61598306584128,21.7945587934965,-10.8972793967494));
#885=CARTESIAN_POINT('',(-3.61598306584128,-1.12023870732017E-12,-10.8972793967608));
#886=CARTESIAN_POINT('',(-3.48513203909216,4.5399316394144E-13,10.947091023131));
#887=CARTESIAN_POINT('',(-3.48513203909216,21.8941820462343,10.9470910231165));
#888=CARTESIAN_POINT('',(-3.48513203909216,21.8941820462328,-10.9470910231173));
#889=CARTESIAN_POINT('',(-3.48513203909216,-1.02372364407319E-12,-10.9470910231289));
#890=CARTESIAN_POINT('',(-3.35320452726237,3.51282976958812E-13,10.9938937290388));
#891=CARTESIAN_POINT('',(-3.35320452726237,21.9877874580495,10.9938937290244));
#892=CARTESIAN_POINT('',(-3.35320452726237,21.9877874580483,-10.9938937290248));
#893=CARTESIAN_POINT('',(-3.35320452726237,-8.65072167360122E-13,-10.9938937290367));
#894=CARTESIAN_POINT('',(-3.24234578808918,2.03215853051228E-13,11.030332069653));
#895=CARTESIAN_POINT('',(-3.24234578808918,22.0606641392778,11.030332069639));
#896=CARTESIAN_POINT('',(-3.24234578808918,22.060664139277,-11.0303320696386));
#897=CARTESIAN_POINT('',(-3.24234578808918,-6.7345029346525E-13,-11.0303320696509));
#898=CARTESIAN_POINT('',(-3.15309428866803,4.26769783542359E-14,11.0579111190383));
#899=CARTESIAN_POINT('',(-3.15309428866803,22.1158222380482,11.0579111190246));
#900=CARTESIAN_POINT('',(-3.15309428866803,22.1158222380476,-11.0579111190235));
#901=CARTESIAN_POINT('',(-3.15309428866803,-4.79945164995982E-13,-11.0579111190362));
#902=CARTESIAN_POINT('',(-3.08586966512086,-9.99613556559856E-14,11.0777999172116));
#903=CARTESIAN_POINT('',(-3.08586966512086,22.1555998343945,11.0777999171981));
#904=CARTESIAN_POINT('',(-3.08586966512086,22.1555998343943,-11.0777999171965));
#905=CARTESIAN_POINT('',(-3.08586966512085,-3.13532474756894E-13,-11.0777999172095));
#906=CARTESIAN_POINT('',(-3.02960957664531,-2.38188297796268E-13,11.0937081739922));
#907=CARTESIAN_POINT('',(-3.02960957664531,22.1874163479556,11.0937081739791));
#908=CARTESIAN_POINT('',(-3.02960957664531,22.1874163479557,-11.0937081739768));
#909=CARTESIAN_POINT('',(-3.02960957664531,-1.56288900154004E-13,-11.0937081739901));
#910=CARTESIAN_POINT('',(-2.98445270729064,-3.61252682267253E-13,11.1060216556942));
#911=CARTESIAN_POINT('',(-2.98445270729064,22.2120433113594,11.1060216556813));
#912=CARTESIAN_POINT('',(-2.98445270729064,22.2120433113598,-11.1060216556785));
#913=CARTESIAN_POINT('',(-2.98445270729063,-1.85047496446127E-14,-11.1060216556921));
#914=CARTESIAN_POINT('',(-2.96183019189008,-4.26550697534164E-13,11.1120560666789));
#915=CARTESIAN_POINT('',(-2.96183019189008,22.2241121333288,11.1120560666661));
#916=CARTESIAN_POINT('',(-2.96183019189008,22.2241121333293,-11.1120560666631));
#917=CARTESIAN_POINT('',(-2.96183019189008,5.40070067741217E-14,-11.1120560666768));
#918=CARTESIAN_POINT('',(-2.95052341541301,-4.58817048595217E-13,11.115085708305));
#919=CARTESIAN_POINT('',(-2.95052341541301,22.2301714165808,11.1150857082922));
#920=CARTESIAN_POINT('',(-2.95052341541301,22.2301714165814,-11.115085708289));
#921=CARTESIAN_POINT('',(-2.95052341541301,8.98950852882655E-14,-11.1150857083029));
#922=CARTESIAN_POINT('',(-6.80370320909358,-4.07483916124746E-15,-8.68183081727809));
#923=CARTESIAN_POINT('',(-6.73375703810541,3.84682200586104E-14,-8.74970614228738));
#924=CARTESIAN_POINT('',(-6.59249864500115,1.35552191479283E-13,-8.88467559496991));
#925=CARTESIAN_POINT('',(-6.30465552438648,3.85506731936227E-13,-9.15002150549699));
#926=CARTESIAN_POINT('',(-5.93514190548712,7.74027895923683E-13,-9.4710739847497));
#927=CARTESIAN_POINT('',(-5.55343550627024,1.06477356412126E-12,-9.7732260904325));
#928=CARTESIAN_POINT('',(-5.24120875914769,1.12718061863177E-12,-10.0007295733912));
#929=CARTESIAN_POINT('',(-5.00371517269921,1.07361963669403E-12,-10.1635359846307));
#930=CARTESIAN_POINT('',(-4.76303444150481,8.79063092953073E-13,-10.3177902748333));
#931=CARTESIAN_POINT('',(-4.43789456424776,4.32179634676975E-13,-10.511181672391));
#932=CARTESIAN_POINT('',(-4.02293797612076,-2.45215655002361E-13,-10.728612918086));
#933=CARTESIAN_POINT('',(-3.50970470184696,-7.18925330120876E-13,-10.9463790283053));
#934=CARTESIAN_POINT('',(-3.15624845940139,-4.01093947869863E-13,-11.0599618488827));
#935=CARTESIAN_POINT('',(-2.97641901926927,9.99403414140897E-15,-11.1081470021621));
#936=CARTESIAN_POINT('',(-6.80370320909486,7.7449452539951E-15,8.68183081727941));
#937=CARTESIAN_POINT('',(-6.73375703810667,1.56621480659085E-14,8.74970614228865));
#938=CARTESIAN_POINT('',(-6.59249864500238,4.66900781269765E-14,8.88467559497109));
#939=CARTESIAN_POINT('',(-6.30465552438765,1.7845754664603E-13,9.15002150549795));
#940=CARTESIAN_POINT('',(-5.93514190548819,4.44866574798483E-13,9.47107398475042));
#941=CARTESIAN_POINT('',(-5.55343550627122,6.52969336979082E-13,9.77322609043313));
#942=CARTESIAN_POINT('',(-5.24120875914857,6.82984829497655E-13,10.0007295733919));
#943=CARTESIAN_POINT('',(-5.00371517270003,6.18707874518061E-13,10.1635359846316));
#944=CARTESIAN_POINT('',(-4.76303444150556,4.27481419150716E-13,10.3177902748344));
#945=CARTESIAN_POINT('',(-4.43789456424842,5.68487144273203E-15,10.5111816723927));
#946=CARTESIAN_POINT('',(-4.02293797612129,-6.17155188411558E-13,10.7286129180885));
#947=CARTESIAN_POINT('',(-3.50970470184733,-9.54545180908073E-13,10.9463790283087));
#948=CARTESIAN_POINT('',(-3.15624845940166,-5.0371976012204E-13,11.0599618488864));
#949=CARTESIAN_POINT('',(-2.97641901926948,-1.78842250594113E-14,11.1081470021658));
#950=CARTESIAN_POINT('',(-6.80370320909487,2.40805855624701E-12,-8.68183081727692));
#951=CARTESIAN_POINT('',(-6.80370320909487,-17.3636616345432,-8.68183081727399));
#952=CARTESIAN_POINT('',(-6.80370320909487,-17.3636616345456,8.68183081727166));
#953=CARTESIAN_POINT('',(-6.80370320909487,2.64019119508303E-15,8.6818308172794));
#954=CARTESIAN_POINT('',(-6.73333735841517,2.34272787139868E-12,-8.75011339682288));
#955=CARTESIAN_POINT('',(-6.73333735841517,-17.5002267936351,-8.75011339681982));
#956=CARTESIAN_POINT('',(-6.73333735841516,-17.5002267936375,8.75011339681767));
#957=CARTESIAN_POINT('',(-6.73333735841517,2.59916068640434E-14,8.75011339682536));
#958=CARTESIAN_POINT('',(-6.59122316455971,2.19768512901322E-12,-8.88588795406875));
#959=CARTESIAN_POINT('',(-6.59122316455971,-17.7717759081268,-8.88588795406539));
#960=CARTESIAN_POINT('',(-6.59122316455971,-17.771775908129,8.88588795406365));
#961=CARTESIAN_POINT('',(-6.59122316455971,8.75617660042027E-14,8.88588795407123));
#962=CARTESIAN_POINT('',(-6.30160517716899,1.83282423301214E-12,-9.1527802797909));
#963=CARTESIAN_POINT('',(-6.30160517716899,-18.3055605595712,-9.15278027978682));
#964=CARTESIAN_POINT('',(-6.30160517716899,-18.3055605595727,9.15278027978621));
#965=CARTESIAN_POINT('',(-6.30160517716899,2.88339981059796E-13,9.15278027979338));
#966=CARTESIAN_POINT('',(-5.92975958284081,1.28191665717058E-12,-9.4756166276391));
#967=CARTESIAN_POINT('',(-5.92975958284081,-18.9512332552677,-9.47561662763392));
#968=CARTESIAN_POINT('',(-5.9297595828408,-18.9512332552684,9.47561662763511));
#969=CARTESIAN_POINT('',(-5.9297595828408,6.40770112080522E-13,9.47561662764158));
#970=CARTESIAN_POINT('',(-5.54558348477694,7.91226627908257E-13,-9.7792669273405));
#971=CARTESIAN_POINT('',(-5.54558348477694,-19.5585338546707,-9.77926692733433));
#972=CARTESIAN_POINT('',(-5.54558348477694,-19.5585338546705,9.77926692733712));
#973=CARTESIAN_POINT('',(-5.54558348477694,9.44776620818737E-13,9.77926692734298));
#974=CARTESIAN_POINT('',(-5.23130687546476,5.43759365677338E-13,-10.007745493653));
#975=CARTESIAN_POINT('',(-5.23130687546476,-20.0154909872956,-10.0077454936463));
#976=CARTESIAN_POINT('',(-5.23130687546476,-20.0154909872951,10.0077454936498));
#977=CARTESIAN_POINT('',(-5.23130687546476,1.05177466286733E-12,10.0077454936555));
#978=CARTESIAN_POINT('',(-4.99224001433598,4.56076575381101E-13,-10.1711589966944));
#979=CARTESIAN_POINT('',(-4.99224001433598,-20.3423179933784,-10.1711589966876));
#980=CARTESIAN_POINT('',(-4.99224001433598,-20.3423179933778,10.1711589966912));
#981=CARTESIAN_POINT('',(-4.99224001433598,1.03898977369319E-12,10.1711589966969));
#982=CARTESIAN_POINT('',(-4.74995572761248,5.01847057102344E-13,-10.3258811126973));
#983=CARTESIAN_POINT('',(-4.74995572761248,-20.651762225384,-10.3258811126906));
#984=CARTESIAN_POINT('',(-4.74995572761248,-20.6517622253836,10.3258811126939));
#985=CARTESIAN_POINT('',(-4.74995572761248,8.98094430608793E-13,10.3258811126998));
#986=CARTESIAN_POINT('',(-4.50444882675924,6.71266607441117E-13,-10.471251990848));
#987=CARTESIAN_POINT('',(-4.50444882675924,-20.9425039816849,-10.4712519908416));
#988=CARTESIAN_POINT('',(-4.50444882675924,-20.942503981685,10.471251990844));
#989=CARTESIAN_POINT('',(-4.50444882675923,6.39298474748656E-13,10.4712519908505));
#990=CARTESIAN_POINT('',(-4.25547300512825,8.80156245620336E-13,-10.6067519078639));
#991=CARTESIAN_POINT('',(-4.25547300512825,-21.2135038157165,-10.606751907858));
#992=CARTESIAN_POINT('',(-4.25547300512825,-21.213503815717,10.6067519078594));
#993=CARTESIAN_POINT('',(-4.25547300512825,3.47100371717731E-13,10.6067519078664));
#994=CARTESIAN_POINT('',(-4.00282655456051,1.05809470363956E-12,-10.7318352343472));
#995=CARTESIAN_POINT('',(-4.00282655456051,-21.4636704686825,-10.7318352343415));
#996=CARTESIAN_POINT('',(-4.00282655456051,-21.4636704686835,10.7318352343421));
#997=CARTESIAN_POINT('',(-4.00282655456051,9.22568018873923E-14,10.7318352343496));
#998=CARTESIAN_POINT('',(-3.78905092258883,1.11882273569976E-12,-10.8269419467944));
#999=CARTESIAN_POINT('',(-3.78905092258883,-21.6538838935769,-10.8269419467889));
#1000=CARTESIAN_POINT('',(-3.78905092258883,-21.653883893578,10.8269419467891));
#1001=CARTESIAN_POINT('',(-3.78905092258883,-2.69467454985127E-14,10.8269419467969));
#1002=CARTESIAN_POINT('',(-3.61598306584218,1.07832181826563E-12,-10.8972793967613));
#1003=CARTESIAN_POINT('',(-3.61598306584219,-21.7945587935106,-10.8972793967557));
#1004=CARTESIAN_POINT('',(-3.61598306584218,-21.7945587935117,10.897279396756));
#1005=CARTESIAN_POINT('',(-3.61598306584218,-2.9692843213942E-14,10.8972793967638));
#1006=CARTESIAN_POINT('',(-3.48513203909312,9.94219111216363E-13,-10.9470910231297));
#1007=CARTESIAN_POINT('',(-3.48513203909312,-21.8941820462473,-10.9470910231239));
#1008=CARTESIAN_POINT('',(-3.48513203909312,-21.8941820462483,10.9470910231244));
#1009=CARTESIAN_POINT('',(-3.48513203909312,2.37827956249316E-14,10.9470910231321));
#1010=CARTESIAN_POINT('',(-3.35320452726335,8.47230230912608E-13,-10.9938937290375));
#1011=CARTESIAN_POINT('',(-3.35320452726335,-21.9877874580632,-10.9938937290315));
#1012=CARTESIAN_POINT('',(-3.35320452726335,-21.9877874580639,10.9938937290325));
#1013=CARTESIAN_POINT('',(-3.35320452726335,1.41994269800849E-13,10.99389372904));
#1014=CARTESIAN_POINT('',(-3.24234578809019,6.64688313809897E-13,-11.0303320696519));
#1015=CARTESIAN_POINT('',(-3.24234578809019,-22.060664139292,-11.0303320696455));
#1016=CARTESIAN_POINT('',(-3.24234578809019,-22.0606641392924,11.0303320696472));
#1017=CARTESIAN_POINT('',(-3.24234578809019,3.02131120213346E-13,11.0303320696544));
#1018=CARTESIAN_POINT('',(-3.15309428866906,4.78055535328127E-13,-11.0579111190372));
#1019=CARTESIAN_POINT('',(-3.15309428866906,-22.1158222380629,-11.0579111190304));
#1020=CARTESIAN_POINT('',(-3.15309428866906,-22.1158222380629,11.0579111190329));
#1021=CARTESIAN_POINT('',(-3.15309428866906,4.71805963061498E-13,11.0579111190397));
#1022=CARTESIAN_POINT('',(-3.08586966512189,3.16598888475551E-13,-11.0777999172105));
#1023=CARTESIAN_POINT('',(-3.08586966512189,-22.1555998344096,-11.0777999172034));
#1024=CARTESIAN_POINT('',(-3.08586966512189,-22.1555998344093,11.0777999172065));
#1025=CARTESIAN_POINT('',(-3.08586966512189,6.2103316593277E-13,11.077799917213));
#1026=CARTESIAN_POINT('',(-3.02960957664637,1.63319461191419E-13,-11.0937081739912));
#1027=CARTESIAN_POINT('',(-3.02960957664637,-22.187416347971,-11.0937081739838));
#1028=CARTESIAN_POINT('',(-3.02960957664637,-22.1874163479704,11.0937081739874));
#1029=CARTESIAN_POINT('',(-3.02960957664637,7.64530638666459E-13,11.0937081739937));
#1030=CARTESIAN_POINT('',(-2.98445270729172,2.86036867898668E-14,-11.1060216556932));
#1031=CARTESIAN_POINT('',(-2.98445270729172,-22.2120433113752,-11.1060216556855));
#1032=CARTESIAN_POINT('',(-2.98445270729171,-22.2120433113743,11.1060216556897));
#1033=CARTESIAN_POINT('',(-2.98445270729171,8.91674807338E-13,11.1060216556957));
#1034=CARTESIAN_POINT('',(-2.96183019189115,-4.24043636062279E-14,-11.1120560666779));
#1035=CARTESIAN_POINT('',(-2.96183019189116,-22.2241121333447,-11.1120560666701));
#1036=CARTESIAN_POINT('',(-2.96183019189115,-22.2241121333437,11.1120560666746));
#1037=CARTESIAN_POINT('',(-2.96183019189115,9.58972254222587E-13,11.1120560666804));
#1038=CARTESIAN_POINT('',(-2.9505234154141,-7.75374902859567E-14,-11.1150857083039));
#1039=CARTESIAN_POINT('',(-2.9505234154141,-22.2301714165968,-11.115085708296));
#1040=CARTESIAN_POINT('',(-2.9505234154141,-22.2301714165957,11.1150857083007));
#1041=CARTESIAN_POINT('',(-2.9505234154141,9.92242434331433E-13,11.1150857083064));
#1042=CARTESIAN_POINT('',(-6.803703209365,3.87389209482342E-12,1.24014573591139E-12));
#1043=CARTESIAN_POINT('',(-8.835286684896,9.31947911505011E-13,-6.51959734051005));
#1044=CARTESIAN_POINT('',(-8.835286684896,-13.0391946810078,-6.51959734050444));
#1045=CARTESIAN_POINT('',(-8.835286684896,-13.0391946810078,6.51959734050433));
#1046=CARTESIAN_POINT('',(-8.835286684896,9.47561834665098E-13,6.51959734050991));
#1047=CARTESIAN_POINT('',(-8.75871340895177,8.95950718763224E-13,-6.60530837450931));
#1048=CARTESIAN_POINT('',(-8.75871340895177,-13.2106167490063,-6.60530837450363));
#1049=CARTESIAN_POINT('',(-8.75871340895177,-13.2106167490062,6.60530837450353));
#1050=CARTESIAN_POINT('',(-8.75871340895177,9.09983937838424E-13,6.60530837450918));
#1051=CARTESIAN_POINT('',(-8.60488926590813,8.23978447718702E-13,-6.77667767400444));
#1052=CARTESIAN_POINT('',(-8.60488926590813,-13.5533553479963,-6.77667767399862));
#1053=CARTESIAN_POINT('',(-8.60488926590813,-13.5533553479963,6.7766776739985));
#1054=CARTESIAN_POINT('',(-8.60488926590813,8.34851078619398E-13,6.77667767400431));
#1055=CARTESIAN_POINT('',(-8.40935651476186,7.33335807222245E-13,-6.99250170356788));
#1056=CARTESIAN_POINT('',(-8.40935651476186,-13.9850034071229,-6.99250170356187));
#1057=CARTESIAN_POINT('',(-8.40935651476187,-13.9850034071229,6.99250170356175));
#1058=CARTESIAN_POINT('',(-8.40935651476186,7.40227583543996E-13,6.99250170356775));
#1059=CARTESIAN_POINT('',(-8.25004427989748,6.59976381764347E-13,-7.16717348836318));
#1060=CARTESIAN_POINT('',(-8.25004427989748,-14.3343469767133,-7.16717348835703));
#1061=CARTESIAN_POINT('',(-8.25004427989749,-14.3343469767133,7.1671734883569));
#1062=CARTESIAN_POINT('',(-8.25004427989748,6.63646128313539E-13,7.16717348836305));
#1063=CARTESIAN_POINT('',(-8.12888209024705,6.04423143086195E-13,-7.29944793509219));
#1064=CARTESIAN_POINT('',(-8.12888209024705,-14.5988958701711,-7.29944793508592));
#1065=CARTESIAN_POINT('',(-8.12888209024705,-14.5988958701711,7.29944793508579));
#1066=CARTESIAN_POINT('',(-8.12888209024705,6.05652819700255E-13,7.29944793509205));
#1067=CARTESIAN_POINT('',(-8.00581321879986,5.48231117723673E-13,-7.43324327799571));
#1068=CARTESIAN_POINT('',(-8.00581321879986,-14.866486555978,-7.43324327798933));
#1069=CARTESIAN_POINT('',(-8.00581321879986,-14.866486555978,7.43324327798919));
#1070=CARTESIAN_POINT('',(-8.00581321879986,5.46992559852674E-13,7.43324327799557));
#1071=CARTESIAN_POINT('',(-7.88058485005316,4.91272690855164E-13,-7.56886337696183));
#1072=CARTESIAN_POINT('',(-7.88058485005316,-15.1377267539101,-7.56886337695534));
#1073=CARTESIAN_POINT('',(-7.88058485005317,-15.1377267539101,7.5688633769552));
#1074=CARTESIAN_POINT('',(-7.88058485005316,4.87532134031617E-13,7.5688633769617));
#1075=CARTESIAN_POINT('',(-7.75319875456425,4.3365744304689E-13,-7.70604727936863));
#1076=CARTESIAN_POINT('',(-7.75319875456425,-15.4120945587235,-7.70604727936202));
#1077=CARTESIAN_POINT('',(-7.75319875456425,-15.4120945587235,7.70604727936187));
#1078=CARTESIAN_POINT('',(-7.75319875456425,4.27385886457175E-13,7.70604727936849));
#1079=CARTESIAN_POINT('',(-7.58052801210414,3.56155900281113E-13,-7.89058093424257));
#1080=CARTESIAN_POINT('',(-7.58052801210414,-15.7811618684711,-7.8905809342358));
#1081=CARTESIAN_POINT('',(-7.58052801210414,-15.7811618684711,7.89058093423565));
#1082=CARTESIAN_POINT('',(-7.58052801210414,3.4647947763475E-13,7.89058093424243));
#1083=CARTESIAN_POINT('',(-7.35947412890032,2.58343218003508E-13,-8.12347557458612));
#1084=CARTESIAN_POINT('',(-7.35947412890032,-16.2469511491579,-8.12347557457916));
#1085=CARTESIAN_POINT('',(-7.35947412890032,-16.2469511491579,8.123475574579));
#1086=CARTESIAN_POINT('',(-7.35947412890032,2.44368949666928E-13,8.12347557458598));
#1087=CARTESIAN_POINT('',(-7.08612827512224,1.40579773146125E-13,-8.40387239683655));
#1088=CARTESIAN_POINT('',(-7.08612827512224,-16.8077447936584,-8.40387239682936));
#1089=CARTESIAN_POINT('',(-7.08612827512225,-16.8077447936584,8.40387239682919));
#1090=CARTESIAN_POINT('',(-7.08612827512224,1.21429529452023E-13,8.40387239683642));
#1091=CARTESIAN_POINT('',(-6.89868462009783,6.25500894330953E-14,-8.58966145259655));
#1092=CARTESIAN_POINT('',(-6.89868462009783,-17.1793229051782,-8.5896614525892));
#1093=CARTESIAN_POINT('',(-6.89868462009783,-17.1793229051782,8.58966145258902));
#1094=CARTESIAN_POINT('',(-6.89868462009783,3.99689420179871E-14,8.58966145259641));
#1095=CARTESIAN_POINT('',(-6.8037032090944,2.38396790525233E-14,-8.68183081727905));
#1096=CARTESIAN_POINT('',(-6.8037032090944,-17.363661634543,-8.68183081727163));
#1097=CARTESIAN_POINT('',(-6.8037032090944,-17.3636616345431,8.68183081727144));
#1098=CARTESIAN_POINT('',(-6.8037032090944,-4.43949725960278E-16,8.68183081727892));
#1099=CARTESIAN_POINT('',(-8.83528660660644,1.70674908670316E-14,-6.51959742814216));
#1100=CARTESIAN_POINT('',(-8.83528660823747,-0.213353326922971,-6.51959742631637));
#1101=CARTESIAN_POINT('',(-8.83528661149955,-0.640059598539988,-6.49863467981682));
#1102=CARTESIAN_POINT('',(-8.83528661639264,-1.27395518754165,-6.40460515569122));
#1103=CARTESIAN_POINT('',(-8.83528662128574,-1.89558180849869,-6.24889578301283));
#1104=CARTESIAN_POINT('',(-8.83528662617883,-2.49895296138409,-6.03300612826238));
#1105=CARTESIAN_POINT('',(-8.83528663107193,-3.07825782429526,-5.75901532693156));
#1106=CARTESIAN_POINT('',(-8.83528663596503,-3.62791738224293,-5.42956206031195));
#1107=CARTESIAN_POINT('',(-8.83528664085813,-4.14263811126075,-5.04781914354631));
#1108=CARTESIAN_POINT('',(-8.83528664575122,-4.61746296995288,-4.6174629697001));
#1109=CARTESIAN_POINT('',(-8.83528665064432,-5.04781913529152,-4.14263810402372));
#1110=CARTESIAN_POINT('',(-8.83528665553742,-5.4295620422646,-3.627917369754));
#1111=CARTESIAN_POINT('',(-8.83528666043051,-5.75901529807048,-3.07825780846308));
#1112=CARTESIAN_POINT('',(-8.83528666532361,-6.0330060878516,-2.49895294425801));
#1113=CARTESIAN_POINT('',(-8.8352866702167,-6.24889573061841,-1.89558179223077));
#1114=CARTESIAN_POINT('',(-8.83528667510981,-6.40460509119336,-1.27395517434681));
#1115=CARTESIAN_POINT('',(-8.8352866800029,-6.49863460341702,-0.640059590654823));
#1116=CARTESIAN_POINT('',(-8.83528668326497,-6.51959734233191,-0.213353324055205));
#1117=CARTESIAN_POINT('',(-8.835286684896,-6.51959734050624,2.89528283148765E-14));
#1118=CARTESIAN_POINT('',(-8.83528668489447,-6.51959734050748,-8.88079089745393E-16));
#1119=CARTESIAN_POINT('',(-8.835286684896,-6.51959734050624,0.));
#1120=CARTESIAN_POINT('',(-8.83528668326494,-6.51959734233194,0.21335332405523));
#1121=CARTESIAN_POINT('',(-8.83528668000281,-6.4986346034171,0.640059590654849));
#1122=CARTESIAN_POINT('',(-8.83528667510963,-6.40460509119351,1.27395517434684));
#1123=CARTESIAN_POINT('',(-8.83528667021646,-6.24889573061863,1.89558179223085));
#1124=CARTESIAN_POINT('',(-8.83528666532327,-6.0330060878519,2.49895294425813));
#1125=CARTESIAN_POINT('',(-8.83528666043009,-5.75901529807085,3.07825780846326));
#1126=CARTESIAN_POINT('',(-8.83528665553692,-5.42956204226501,3.62791736975427));
#1127=CARTESIAN_POINT('',(-8.83528665064373,-5.04781913529198,4.14263810402407));
#1128=CARTESIAN_POINT('',(-8.83528664575056,-4.61746296995336,4.61746296970055));
#1129=CARTESIAN_POINT('',(-8.83528664085737,-4.14263811126123,5.04781914354687));
#1130=CARTESIAN_POINT('',(-8.83528663596418,-3.62791738224341,5.42956206031262));
#1131=CARTESIAN_POINT('',(-8.83528663107101,-3.07825782429571,5.75901532693236));
#1132=CARTESIAN_POINT('',(-8.83528662617783,-2.49895296138449,6.0330061282633));
#1133=CARTESIAN_POINT('',(-8.83528662128464,-1.89558180849902,6.24889578301388));
#1134=CARTESIAN_POINT('',(-8.83528661639146,-1.27395518754189,6.40460515569238));
#1135=CARTESIAN_POINT('',(-8.83528661149828,-0.640059598540129,6.49863467981809));
#1136=CARTESIAN_POINT('',(-8.83528660823616,-0.213353326923023,6.51959742631771));
#1137=CARTESIAN_POINT('',(-8.8352866066051,1.13542185633723E-14,6.51959742814353));
#1138=CARTESIAN_POINT('',(-9.78735991332299,5.08312516589315E-13,-5.43051822994863));
#1139=CARTESIAN_POINT('',(-9.787359913323,-10.8610364598872,-5.43051822994385));
#1140=CARTESIAN_POINT('',(-9.78735991332299,-10.8610364598873,5.43051822994388));
#1141=CARTESIAN_POINT('',(-9.78735991332299,4.73144087846357E-13,5.43051822994874));
#1142=CARTESIAN_POINT('',(-9.70802260767842,4.66256207374243E-13,-5.52390363197677));
#1143=CARTESIAN_POINT('',(-9.70802260767842,-11.0478072639434,-5.5239036319719));
#1144=CARTESIAN_POINT('',(-9.70802260767842,-11.0478072639434,5.52390363197194));
#1145=CARTESIAN_POINT('',(-9.70802260767842,4.32306507697896E-13,5.52390363197688));
#1146=CARTESIAN_POINT('',(-9.58869813824672,4.03634295277355E-13,-5.66295393163918));
#1147=CARTESIAN_POINT('',(-9.58869813824672,-11.325907863268,-5.66295393163419));
#1148=CARTESIAN_POINT('',(-9.58869813824672,-11.325907863268,5.66295393163423));
#1149=CARTESIAN_POINT('',(-9.58869813824671,3.7149958121031E-13,5.66295393163929));
#1150=CARTESIAN_POINT('',(-9.42958444375066,3.21083121210928E-13,-5.84625554237648));
#1151=CARTESIAN_POINT('',(-9.42958444375066,-11.6925110847424,-5.84625554237132));
#1152=CARTESIAN_POINT('',(-9.42958444375066,-11.6925110847424,5.84625554237137));
#1153=CARTESIAN_POINT('',(-9.42958444375066,2.91341458273014E-13,5.84625554237658));
#1154=CARTESIAN_POINT('',(-9.31038559219584,2.59643054728076E-13,-5.98268031005394));
#1155=CARTESIAN_POINT('',(-9.31038559219584,-11.9653606200971,-5.98268031004866));
#1156=CARTESIAN_POINT('',(-9.31038559219584,-11.9653606200971,5.98268031004871));
#1157=CARTESIAN_POINT('',(-9.31038559219584,2.31682652235211E-13,5.98268031005404));
#1158=CARTESIAN_POINT('',(-9.19152026790172,1.98694780313292E-13,-6.11801270452437));
#1159=CARTESIAN_POINT('',(-9.19152026790172,-12.2360254090378,-6.11801270451896));
#1160=CARTESIAN_POINT('',(-9.19152026790172,-12.2360254090378,6.11801270451902));
#1161=CARTESIAN_POINT('',(-9.19152026790172,1.72501534568601E-13,6.11801270452447));
#1162=CARTESIAN_POINT('',(-9.03339002812401,1.17995928093779E-13,-6.29719975684047));
#1163=CARTESIAN_POINT('',(-9.03339002812402,-12.5943995136697,-6.2971997568349));
#1164=CARTESIAN_POINT('',(-9.03339002812401,-12.5943995136698,6.29719975683496));
#1165=CARTESIAN_POINT('',(-9.03339002812401,9.41426800772558E-14,6.29719975684057));
#1166=CARTESIAN_POINT('',(-8.91474562092223,5.78920808404306E-14,-6.43065629075723));
#1167=CARTESIAN_POINT('',(-8.91474562092224,-12.8613125815031,-6.43065629075154));
#1168=CARTESIAN_POINT('',(-8.91474562092223,-12.8613125815031,6.4306562907516));
#1169=CARTESIAN_POINT('',(-8.91474562092223,3.57818603828578E-14,6.43065629075733));
#1170=CARTESIAN_POINT('',(-8.83528660660427,1.78362034496322E-14,-6.51959742814269));
#1171=CARTESIAN_POINT('',(-8.83528660660428,-13.0391948562739,-6.51959742813693));
#1172=CARTESIAN_POINT('',(-8.83528660660427,-13.0391948562739,6.51959742813699));
#1173=CARTESIAN_POINT('',(-8.83528660660427,-3.11228918928424E-15,6.5195974281428));
#1174=CARTESIAN_POINT('',(-9.78735991332303,-5.430518229949,-1.13931260722702E-14));
#1175=CARTESIAN_POINT('',(-9.78735991332303,-5.430518229949,-0.177713293504107));
#1176=CARTESIAN_POINT('',(-9.78735991332303,-5.41305725042679,-0.53313956243262));
#1177=CARTESIAN_POINT('',(-9.78735991332303,-5.33473508074378,-1.06114479567261));
#1178=CARTESIAN_POINT('',(-9.78735991332303,-5.20503649597036,-1.57893055604821));
#1179=CARTESIAN_POINT('',(-9.78735991332303,-5.0252105643784,-2.0815103703659));
#1180=CARTESIAN_POINT('',(-9.78735991332303,-4.79698910799182,-2.56404409703666));
#1181=CARTESIAN_POINT('',(-9.78735991332303,-4.52257002419477,-3.02188467871978));
#1182=CARTESIAN_POINT('',(-9.78735991332302,-4.20459611877465,-3.45062285866403));
#1183=CARTESIAN_POINT('',(-9.78735991332303,-3.84612965427148,-3.84612965427149));
#1184=CARTESIAN_POINT('',(-9.78735991332303,-3.45062285866402,-4.20459611877466));
#1185=CARTESIAN_POINT('',(-9.78735991332303,-3.02188467871977,-4.52257002419477));
#1186=CARTESIAN_POINT('',(-9.78735991332303,-2.56404409703665,-4.79698910799182));
#1187=CARTESIAN_POINT('',(-9.78735991332303,-2.08151037036589,-5.0252105643784));
#1188=CARTESIAN_POINT('',(-9.78735991332303,-1.57893055604821,-5.20503649597036));
#1189=CARTESIAN_POINT('',(-9.78735991332303,-1.0611447956726,-5.33473508074378));
#1190=CARTESIAN_POINT('',(-9.78735991332303,-0.533139562432611,-5.41305725042679));
#1191=CARTESIAN_POINT('',(-9.78735991332303,-0.177713293504097,-5.430518229949));
#1192=CARTESIAN_POINT('',(-9.78735991332303,-9.97570015202758E-16,-5.430518229949));
#1193=CARTESIAN_POINT('',(-9.78735991332852,-5.43051823000083,-5.40770598122036E-16));
#1194=CARTESIAN_POINT('',(-9.78735991332303,8.77324426275136E-15,5.430518229949));
#1195=CARTESIAN_POINT('',(-9.78735991332303,-0.177713293504088,5.430518229949));
#1196=CARTESIAN_POINT('',(-9.78735991332303,-0.533139562432616,5.41305725042679));
#1197=CARTESIAN_POINT('',(-9.78735991332303,-1.0611447956726,5.33473508074378));
#1198=CARTESIAN_POINT('',(-9.78735991332303,-1.57893055604821,5.20503649597036));
#1199=CARTESIAN_POINT('',(-9.78735991332303,-2.08151037036589,5.0252105643784));
#1200=CARTESIAN_POINT('',(-9.78735991332303,-2.56404409703666,4.79698910799182));
#1201=CARTESIAN_POINT('',(-9.78735991332302,-3.02188467871978,4.52257002419477));
#1202=CARTESIAN_POINT('',(-9.78735991332303,-3.45062285866403,4.20459611877465));
#1203=CARTESIAN_POINT('',(-9.78735991332303,-3.84612965427149,3.84612965427148));
#1204=CARTESIAN_POINT('',(-9.78735991332303,-4.20459611877466,3.45062285866402));
#1205=CARTESIAN_POINT('',(-9.78735991332303,-4.52257002419478,3.02188467871977));
#1206=CARTESIAN_POINT('',(-9.78735991332303,-4.79698910799182,2.56404409703665));
#1207=CARTESIAN_POINT('',(-9.78735991332303,-5.02521056437841,2.08151037036588));
#1208=CARTESIAN_POINT('',(-9.78735991332303,-5.20503649597036,1.5789305560482));
#1209=CARTESIAN_POINT('',(-9.78735991332303,-5.33473508074379,1.06114479567259));
#1210=CARTESIAN_POINT('',(-9.78735991332303,-5.41305725042679,0.533139562432601));
#1211=CARTESIAN_POINT('',(-9.78735991332303,-5.430518229949,0.177713293504085));
#1212=CARTESIAN_POINT('',(-9.78735991332303,-5.430518229949,-1.13931260722702E-14));
#1213=CARTESIAN_POINT('',(11.10908840701,2.668971905298E-6,-3.980958150023));
#1214=CARTESIAN_POINT('',(9.70200492110743,-2.98535491710357E-15,-7.88169401276059));
#1215=CARTESIAN_POINT('',(9.70200494171994,0.12144506290682,-7.88169398738753));
#1216=CARTESIAN_POINT('',(9.70565131459593,0.368806119588571,-7.87158552791148));
#1217=CARTESIAN_POINT('',(9.72318950908284,0.749281269236842,-7.82296600757634));
#1218=CARTESIAN_POINT('',(9.75372316133987,1.13435934896743,-7.73832030472243));
#1219=CARTESIAN_POINT('',(9.79789048700135,1.51846446145391,-7.61587914788119));
#1220=CARTESIAN_POINT('',(9.85596620385115,1.89546111013632,-7.45488095909315));
#1221=CARTESIAN_POINT('',(9.9278025907583,2.25891485065514,-7.25573525119146));
#1222=CARTESIAN_POINT('',(10.0127974178419,2.60241123402172,-7.02011153231589));
#1223=CARTESIAN_POINT('',(10.109895605021,2.91990435290948,-6.75093470814945));
#1224=CARTESIAN_POINT('',(10.2176277972103,3.20605857210768,-6.45227814332879));
#1225=CARTESIAN_POINT('',(10.3341833645589,3.45654295787332,-6.12916128927273));
#1226=CARTESIAN_POINT('',(10.4575111209501,3.66825035910678,-5.78727047105182));
#1227=CARTESIAN_POINT('',(10.5641129948254,3.8108731465324,-5.4917473523957));
#1228=CARTESIAN_POINT('',(10.6506021862695,3.904489096546,-5.25198087106972));
#1229=CARTESIAN_POINT('',(10.7158097064701,3.96454032473017,-5.07121171770304));
#1230=CARTESIAN_POINT('',(10.7811026836893,4.01456251344397,-4.89020565661074));
#1231=CARTESIAN_POINT('',(10.8462381876376,4.05476022595414,-4.70963614247878));
#1232=CARTESIAN_POINT('',(10.9001956048306,4.08029036316573,-4.56005466773535));
#1233=CARTESIAN_POINT('',(10.9430618830599,4.09609258299977,-4.4412201958297));
#1234=CARTESIAN_POINT('',(10.9750369395279,4.10567782060868,-4.35257851450842));
#1235=CARTESIAN_POINT('',(11.0068133241761,4.11304296628001,-4.26448759331141));
#1236=CARTESIAN_POINT('',(11.0331091255973,4.11737125610568,-4.19159001823654));
#1237=CARTESIAN_POINT('',(11.0540241230589,4.11977379851545,-4.13360918014107));
#1238=CARTESIAN_POINT('',(11.0696472463181,4.12105223980097,-4.09029854695871));
#1239=CARTESIAN_POINT('',(11.0826108479909,4.12168693210757,-4.0543606753057));
#1240=CARTESIAN_POINT('',(11.0929492520137,4.121939666197,-4.0257004119692));
#1241=CARTESIAN_POINT('',(11.1006810376596,4.12200256294346,-4.00426625128799));
#1242=CARTESIAN_POINT('',(11.108412823295,4.121939666197,-3.982832090603));
#1243=CARTESIAN_POINT('',(11.1187512272756,4.12168693210757,-3.9541718272513));
#1244=CARTESIAN_POINT('',(11.1317148288424,4.12105223980096,-3.91823395555998));
#1245=CARTESIAN_POINT('',(11.1473379518881,4.11977379851545,-3.87492332230069));
#1246=CARTESIAN_POINT('',(11.1682529489485,4.11737125610568,-3.81694248406047));
#1247=CARTESIAN_POINT('',(11.1945487496469,4.11304296628001,-3.7440449087248));
#1248=CARTESIAN_POINT('',(11.2263251330651,4.10567782060868,-3.65595398708425));
#1249=CARTESIAN_POINT('',(11.2583001879325,4.09609258299976,-3.56731230518543));
#1250=CARTESIAN_POINT('',(11.3011664635228,4.08029036316573,-3.44847783232798));
#1251=CARTESIAN_POINT('',(11.3551238764525,4.05476022595414,-3.29889635604656));
#1252=CARTESIAN_POINT('',(11.4202593736879,4.01456251344398,-3.11832683949318));
#1253=CARTESIAN_POINT('',(11.4855523425535,3.96454032473017,-2.93732077538757));
#1254=CARTESIAN_POINT('',(11.5507598527258,3.90448909654601,-2.75655161840346));
#1255=CARTESIAN_POINT('',(11.6372490285365,3.8108731465324,-2.51678513143811));
#1256=CARTESIAN_POINT('',(11.7438508785944,3.6682503591068,-2.22126200419056));
#1257=CARTESIAN_POINT('',(11.8671785996315,3.45654295787331,-1.87937117321654));
#1258=CARTESIAN_POINT('',(11.9837341251502,3.2060585721077,-1.55625430407156));
#1259=CARTESIAN_POINT('',(12.091466269553,2.91990435290947,-1.25759772201319));
#1260=CARTESIAN_POINT('',(12.1885644037121,2.60241123402174,-0.988420878721268));
#1261=CARTESIAN_POINT('',(12.2735591734333,2.25891485065513,-0.75279713915376));
#1262=CARTESIAN_POINT('',(12.3453954996452,1.89546111013635,-0.553651409357954));
#1263=CARTESIAN_POINT('',(12.4034711535382,1.5184644614539,-0.392653197859951));
#1264=CARTESIAN_POINT('',(12.4476384150558,1.13435934896746,-0.270212017880568));
#1265=CARTESIAN_POINT('',(12.4781720030064,0.749281269236832,-0.185566291829884));
#1266=CARTESIAN_POINT('',(12.4957101339556,0.368806119588607,-0.136946748575265));
#1267=CARTESIAN_POINT('',(12.4993564655234,0.121445062906824,-0.126838274198402));
#1268=CARTESIAN_POINT('',(12.4993564658551,1.40230539582686E-15,-0.126838241509595));
#1269=CARTESIAN_POINT('',(12.4993564658546,7.01152486155192E-16,-0.126838241510873));
#1270=CARTESIAN_POINT('',(9.702004921107,-1.99770387495502E-15,-7.88169401276179));
#1271=CARTESIAN_POINT('',(12.4993564658551,1.40230539582686E-15,-0.126838241509595));
#1272=CARTESIAN_POINT('',(12.4993564662069,-0.128811976550601,-0.12683820683787));
#1273=CARTESIAN_POINT('',(12.4952512204725,-0.38969178001034,-0.138218756319275));
#1274=CARTESIAN_POINT('',(12.4759865531465,-0.785689326183423,-0.191624423939718));
#1275=CARTESIAN_POINT('',(12.4431467901787,-1.18068584212014,-0.28266315548899));
#1276=CARTESIAN_POINT('',(12.3966449087548,-1.56864931065545,-0.411576198367591));
#1277=CARTESIAN_POINT('',(12.3368062284806,-1.94347382727369,-0.577461698763304));
#1278=CARTESIAN_POINT('',(12.2643720057359,-2.29929059878842,-0.778264737254187));
#1279=CARTESIAN_POINT('',(12.1944523922045,-2.57551288693568,-0.972096762908902));
#1280=CARTESIAN_POINT('',(12.1335127768071,-2.78206351642093,-1.14103433455678));
#1281=CARTESIAN_POINT('',(12.0855156691826,-2.92930147161729,-1.27409252669556));
#1282=CARTESIAN_POINT('',(12.0354437016111,-3.06845390141231,-1.41290267574584));
#1283=CARTESIAN_POINT('',(11.9835251375415,-3.19918453919238,-1.55683198677625));
#1284=CARTESIAN_POINT('',(11.9299943978112,-3.32122752958887,-1.70523059524191));
#1285=CARTESIAN_POINT('',(11.8842399560235,-3.41552884397116,-1.83207165267604));
#1286=CARTESIAN_POINT('',(11.8470685707101,-3.48646769418586,-1.93511865102465));
#1287=CARTESIAN_POINT('',(11.8236235285947,-3.52892367911368,-2.00011330263693));
#1288=CARTESIAN_POINT('',(11.8047567168366,-3.56175309767914,-2.05241612467547));
#1289=CARTESIAN_POINT('',(11.7858129734009,-3.59384061064841,-2.10493221794472));
#1290=CARTESIAN_POINT('',(11.7617601294872,-3.6329417312992,-2.17161182679687));
#1291=CARTESIAN_POINT('',(11.7323652208182,-3.67808944038942,-2.25310077820433));
#1292=CARTESIAN_POINT('',(11.7024423928999,-3.72141546169976,-2.33605323496854));
#1293=CARTESIAN_POINT('',(11.6720135040624,-3.76284361622707,-2.4204086011511));
#1294=CARTESIAN_POINT('',(11.6307919143498,-3.81546264603422,-2.5346836356845));
#1295=CARTESIAN_POINT('',(11.5780986852899,-3.8761592640265,-2.68076050179462));
#1296=CARTESIAN_POINT('',(11.4915451805334,-3.96178525513475,-2.92070527544468));
#1297=CARTESIAN_POINT('',(11.3796405751201,-4.04612323476828,-3.2309287134078));
#1298=CARTESIAN_POINT('',(11.2412199627022,-4.10807596317553,-3.61466019032921));
#1299=CARTESIAN_POINT('',(11.1006803487239,-4.12893755692322,-4.00426600277327));
#1300=CARTESIAN_POINT('',(10.9601407382293,-4.10807596317553,-4.39387181647418));
#1301=CARTESIAN_POINT('',(10.8217201361572,-4.04612323476829,-4.77760329712745));
#1302=CARTESIAN_POINT('',(10.709815544828,-3.96178525513474,-5.0878267401711));
#1303=CARTESIAN_POINT('',(10.6232620543707,-3.8761592640265,-5.32777151897916));
#1304=CARTESIAN_POINT('',(10.5705688354469,-3.81546264603422,-5.47384838874557));
#1305=CARTESIAN_POINT('',(10.5293472545214,-3.76284361622708,-5.58812342644871));
#1306=CARTESIAN_POINT('',(10.4989183726022,-3.72141546169975,-5.67247879512689));
#1307=CARTESIAN_POINT('',(10.4689955519192,-3.67808944038945,-5.75543125450094));
#1308=CARTESIAN_POINT('',(10.4396006507896,-3.63294173129917,-5.83692020862818));
#1309=CARTESIAN_POINT('',(10.4155478134058,-3.59384061064845,-5.90359981983562));
#1310=CARTESIAN_POINT('',(10.3966040753285,-3.56175309767912,-5.95611591503788));
#1311=CARTESIAN_POINT('',(10.3777372690527,-3.52892367911368,-6.00841873905401));
#1312=CARTESIAN_POINT('',(10.3542922340273,-3.48646769418589,-6.07341339322377));
#1313=CARTESIAN_POINT('',(10.3171208605604,-3.41552884397115,-6.17646039584571));
#1314=CARTESIAN_POINT('',(10.2713664345206,-3.32122752958887,-6.30330145896047));
#1315=CARTESIAN_POINT('',(10.2178357151709,-3.19918453919236,-6.45170007477791));
#1316=CARTESIAN_POINT('',(10.1659171729328,-3.06845390141229,-6.5956293936834));
#1317=CARTESIAN_POINT('',(10.1158452285992,-2.92930147161732,-6.73443955111607));
#1318=CARTESIAN_POINT('',(10.0678481455628,-2.78206351642092,-6.86749775212437));
#1319=CARTESIAN_POINT('',(10.0069085646585,-2.57551288693565,-7.03643533621469));
#1320=CARTESIAN_POINT('',(9.93698899725501,-2.29929059878846,-7.23026737850874));
#1321=CARTESIAN_POINT('',(9.86455483393013,-1.94347382727364,-7.43107043843376));
#1322=CARTESIAN_POINT('',(9.80471621625007,-1.56864931065549,-7.59695596140853));
#1323=CARTESIAN_POINT('',(9.75821439961439,-1.18068584212009,-7.72586902765774));
#1324=CARTESIAN_POINT('',(9.72537470260932,-0.785689326183404,-7.81690778300124));
#1325=CARTESIAN_POINT('',(9.70611010141312,-0.389691780010297,-7.87031347447623));
#1326=CARTESIAN_POINT('',(9.70200489924455,-0.128811976550606,-7.8816940396728));
#1327=CARTESIAN_POINT('',(9.70200492110743,-2.98535491710357E-15,-7.88169401276059));
#1328=CARTESIAN_POINT('',(-10.40220454972,0.,0.));
#1329=CARTESIAN_POINT('',(-10.6892488732723,3.46915521817818E-12,5.9129657658194));
#1330=CARTESIAN_POINT('',(-10.6892488732723,0.193501352199503,5.91296576581929));
#1331=CARTESIAN_POINT('',(-10.6892488732723,0.580503710253665,5.89395355192334));
#1332=CARTESIAN_POINT('',(-10.6892488732723,1.15541695722558,5.80867323641169));
#1333=CARTESIAN_POINT('',(-10.6892488732723,1.71920283280617,5.66745222228964));
#1334=CARTESIAN_POINT('',(-10.6892488732723,2.26643186525133,5.47165054512248));
#1335=CARTESIAN_POINT('',(-10.6892488732723,2.79183391452916,5.22315388209725));
#1336=CARTESIAN_POINT('',(-10.6892488732723,3.29034907847124,4.92435539192164));
#1337=CARTESIAN_POINT('',(-10.6892488732723,3.75717638171597,4.5781326673934));
#1338=CARTESIAN_POINT('',(-10.6892488732723,4.18782002262615,4.18782002262369));
#1339=CARTESIAN_POINT('',(-10.6892488732723,4.57813266739561,3.75717638171329));
#1340=CARTESIAN_POINT('',(-10.6892488732723,4.92435539192357,3.29034907846835));
#1341=CARTESIAN_POINT('',(-10.6892488732723,5.22315388209889,2.7918339145261));
#1342=CARTESIAN_POINT('',(-10.6892488732723,5.47165054512381,2.26643186524812));
#1343=CARTESIAN_POINT('',(-10.6892488732723,5.66745222229065,1.71920283280285));
#1344=CARTESIAN_POINT('',(-10.6892488732723,5.80867323641236,1.15541695722217));
#1345=CARTESIAN_POINT('',(-10.6892488732723,5.89395355192368,0.580503710250208));
#1346=CARTESIAN_POINT('',(-10.6892488732723,5.9129657658194,0.193501352196034));
#1347=CARTESIAN_POINT('',(-10.6892488732723,5.9129657658194,0.));
#1348=CARTESIAN_POINT('',(-10.6892488732269,5.91296576584321,-1.72593011115226E-12));
#1349=CARTESIAN_POINT('',(-10.6892488715721,1.15193315858417E-12,5.91296576784187));
#1350=CARTESIAN_POINT('',(-10.6892488732723,5.9129657658194,-3.46761552807315E-12));
#1351=CARTESIAN_POINT('',(-10.6892488732723,5.91296576581929,-0.193501352199525));
#1352=CARTESIAN_POINT('',(-10.6892488732723,5.89395355192333,-0.580503710253738));
#1353=CARTESIAN_POINT('',(-10.6892488732723,5.80867323641166,-1.15541695722572));
#1354=CARTESIAN_POINT('',(-10.6892488732723,5.66745222228958,-1.71920283280638));
#1355=CARTESIAN_POINT('',(-10.6892488732723,5.47165054512238,-2.2664318652516));
#1356=CARTESIAN_POINT('',(-10.6892488732723,5.22315388209709,-2.79183391452949));
#1357=CARTESIAN_POINT('',(-10.6892488732723,4.92435539192141,-3.29034907847161));
#1358=CARTESIAN_POINT('',(-10.6892488732723,4.57813266739308,-3.75717638171637));
#1359=CARTESIAN_POINT('',(-10.6892488732723,4.18782002262329,-4.18782002262655));
#1360=CARTESIAN_POINT('',(-10.6892488732723,3.75717638171279,-4.57813266739602));
#1361=CARTESIAN_POINT('',(-10.6892488732723,3.29034907846775,-4.92435539192398));
#1362=CARTESIAN_POINT('',(-10.6892488732723,2.79183391452539,-5.22315388209927));
#1363=CARTESIAN_POINT('',(-10.6892488732723,2.26643186524732,-5.47165054512415));
#1364=CARTESIAN_POINT('',(-10.6892488732723,1.71920283280195,-5.66745222229092));
#1365=CARTESIAN_POINT('',(-10.6892488732723,1.15541695722118,-5.80867323641257));
#1366=CARTESIAN_POINT('',(-10.6892488732723,0.580503710249138,-5.89395355192379));
#1367=CARTESIAN_POINT('',(-10.6892488732723,0.193501352194906,-5.91296576581944));
#1368=CARTESIAN_POINT('',(-10.6892488732723,-1.15122351531797E-12,-5.9129657658194));
#1369=CARTESIAN_POINT('',(-10.6892488715721,-1.15206512322234E-12,-5.91296576784187));
#1370=CARTESIAN_POINT('',(-10.6892488732723,-3.43049108321583E-12,-5.9129657658194));
#1371=CARTESIAN_POINT('',(-10.6892488732723,-0.193501352199465,-5.91296576581929));
#1372=CARTESIAN_POINT('',(-10.6892488732723,-0.580503710253625,-5.89395355192334));
#1373=CARTESIAN_POINT('',(-10.6892488732723,-1.15541695722555,-5.80867323641169));
#1374=CARTESIAN_POINT('',(-10.6892488732723,-1.71920283280614,-5.66745222228965));
#1375=CARTESIAN_POINT('',(-10.6892488732723,-2.2664318652513,-5.4716505451225));
#1376=CARTESIAN_POINT('',(-10.6892488732723,-2.79183391452914,-5.22315388209727));
#1377=CARTESIAN_POINT('',(-10.6892488732723,-3.29034907847122,-4.92435539192166));
#1378=CARTESIAN_POINT('',(-10.6892488732723,-3.75717638171595,-4.57813266739342));
#1379=CARTESIAN_POINT('',(-10.6892488732723,-4.18782002262613,-4.18782002262371));
#1380=CARTESIAN_POINT('',(-10.6892488732723,-4.57813266739559,-3.7571763817133));
#1381=CARTESIAN_POINT('',(-10.6892488732723,-4.92435539192356,-3.29034907846837));
#1382=CARTESIAN_POINT('',(-10.6892488732723,-5.22315388209888,-2.79183391452612));
#1383=CARTESIAN_POINT('',(-10.6892488732723,-5.47165054512381,-2.26643186524813));
#1384=CARTESIAN_POINT('',(-10.6892488732723,-5.66745222229064,-1.71920283280287));
#1385=CARTESIAN_POINT('',(-10.6892488732723,-5.80867323641236,-1.15541695722218));
#1386=CARTESIAN_POINT('',(-10.6892488732723,-5.89395355192368,-0.580503710250224));
#1387=CARTESIAN_POINT('',(-10.6892488732723,-5.9129657658194,-0.193501352196047));
#1388=CARTESIAN_POINT('',(-10.6892488732723,-5.9129657658194,-1.24052920142082E-14));
#1389=CARTESIAN_POINT('',(-10.6892488732723,-5.9129657658194,1.72461716900473E-12));
#1390=CARTESIAN_POINT('',(-10.6892488732723,-5.9129657658194,3.4485102085496E-12));
#1391=CARTESIAN_POINT('',(-10.6892488732723,-5.91296576581928,0.193501352199506));
#1392=CARTESIAN_POINT('',(-10.6892488732723,-5.89395355192334,0.580503710253719));
#1393=CARTESIAN_POINT('',(-10.6892488732723,-5.80867323641166,1.15541695722572));
#1394=CARTESIAN_POINT('',(-10.6892488732723,-5.66745222228958,1.71920283280635));
#1395=CARTESIAN_POINT('',(-10.6892488732723,-5.47165054512237,2.26643186525161));
#1396=CARTESIAN_POINT('',(-10.6892488732723,-5.22315388209709,2.79183391452947));
#1397=CARTESIAN_POINT('',(-10.6892488732723,-4.92435539192141,3.29034907847159));
#1398=CARTESIAN_POINT('',(-10.6892488732723,-4.57813266739308,3.75717638171637));
#1399=CARTESIAN_POINT('',(-10.6892488732723,-4.18782002262331,4.18782002262653));
#1400=CARTESIAN_POINT('',(-10.6892488732723,-3.75717638171279,4.57813266739601));
#1401=CARTESIAN_POINT('',(-10.6892488732723,-3.29034907846776,4.92435539192398));
#1402=CARTESIAN_POINT('',(-10.6892488732723,-2.7918339145254,5.22315388209927));
#1403=CARTESIAN_POINT('',(-10.6892488732723,-2.26643186524731,5.47165054512415));
#1404=CARTESIAN_POINT('',(-10.6892488732723,-1.71920283280196,5.66745222229092));
#1405=CARTESIAN_POINT('',(-10.6892488732723,-1.15541695722116,5.80867323641257));
#1406=CARTESIAN_POINT('',(-10.6892488732723,-0.580503710249145,5.89395355192378));
#1407=CARTESIAN_POINT('',(-10.6892488732723,-0.193501352194889,5.91296576581944));
#1408=CARTESIAN_POINT('',(-10.6892488732723,1.16888057592181E-12,5.9129657658194));
#1409=CARTESIAN_POINT('',(0.,0.,0.));
#1410=CARTESIAN_POINT('',(-3.23523806378208,-3.6966186605583E-16,12.0740728286132));
#1411=CARTESIAN_POINT('',(-3.23523806378208,-0.395123109346657,12.0740728286132));
#1412=CARTESIAN_POINT('',(-3.23523806378214,-1.1853686208299,12.0352505414054));
#1413=CARTESIAN_POINT('',(-3.23523806378215,-2.35932170782442,11.8611110687429));
#1414=CARTESIAN_POINT('',(-3.23523806378193,-3.51055308495444,11.5727426125455));
#1415=CARTESIAN_POINT('',(-3.2352380637822,-4.62797595756298,11.1729223186846));
#1416=CARTESIAN_POINT('',(-3.23523806378203,-5.70082888087224,10.6655006751543));
#1417=CARTESIAN_POINT('',(-3.23523806378204,-6.71877970859434,10.0553644297664));
#1418=CARTESIAN_POINT('',(-3.2352380637821,-7.67202501408012,9.34838952809852));
#1419=CARTESIAN_POINT('',(-3.23523806378203,-8.55138452493494,8.55138452492552));
#1420=CARTESIAN_POINT('',(-3.23523806378202,-9.34838952809599,7.67202501411524));
#1421=CARTESIAN_POINT('',(-3.23523806378208,-10.0553644297671,6.71877970846346));
#1422=CARTESIAN_POINT('',(-3.23523806378207,-10.6655006751541,5.70082888136063));
#1423=CARTESIAN_POINT('',(-3.23523806378207,-11.1729223186847,4.62797595574025));
#1424=CARTESIAN_POINT('',(-3.23523806378204,-11.5727426125455,3.51055309175701));
#1425=CARTESIAN_POINT('',(-3.23523806378205,-11.8611110687429,2.35932168243675));
#1426=CARTESIAN_POINT('',(-3.23523806378205,-12.0352505414054,1.18536871557812));
#1427=CARTESIAN_POINT('',(-3.23523806378206,-12.0934839722171,-4.77460797401132E-15));
#1428=CARTESIAN_POINT('',(-3.23523806378205,-12.0352505414054,-1.18536871557811));
#1429=CARTESIAN_POINT('',(-3.23523806378207,-11.8611110687429,-2.35932168243673));
#1430=CARTESIAN_POINT('',(-3.23523806378204,-11.5727426125455,-3.51055309175702));
#1431=CARTESIAN_POINT('',(-3.23523806378208,-11.1729223186847,-4.62797595574024));
#1432=CARTESIAN_POINT('',(-3.23523806378203,-10.6655006751541,-5.70082888136065));
#1433=CARTESIAN_POINT('',(-3.23523806378207,-10.0553644297671,-6.71877970846347));
#1434=CARTESIAN_POINT('',(-3.23523806378208,-9.34838952809601,-7.67202501411519));
#1435=CARTESIAN_POINT('',(-3.23523806378203,-8.5513845249349,-8.55138452492554));
#1436=CARTESIAN_POINT('',(-3.23523806378209,-7.67202501408015,-9.3483895280985));
#1437=CARTESIAN_POINT('',(-3.23523806378204,-6.71877970859433,-10.0553644297664));
#1438=CARTESIAN_POINT('',(-3.23523806378208,-5.70082888087224,-10.6655006751542));
#1439=CARTESIAN_POINT('',(-3.23523806378205,-4.62797595756299,-11.1729223186847));
#1440=CARTESIAN_POINT('',(-3.23523806378218,-3.51055308495444,-11.5727426125455));
#1441=CARTESIAN_POINT('',(-3.23523806378172,-2.35932170782442,-11.861111068743));
#1442=CARTESIAN_POINT('',(-3.23523806378324,-1.18536862082991,-12.0352505414051));
#1443=CARTESIAN_POINT('',(-3.23523806377953,-0.395123109346647,-12.0740728286139));
#1444=CARTESIAN_POINT('',(-3.23523806378244,1.59160016539669E-15,-12.0740728286131));
#1445=CARTESIAN_POINT('',(-3.23523806418231,1.32539327408028E-15,-12.0740728285045));
#1446=CARTESIAN_POINT('',(-3.23523806418204,2.45367642058407E-15,12.0740728285054));
#1447=CARTESIAN_POINT('',(-3.23523806378244,1.59160016539669E-15,-12.0740728286131));
#1448=CARTESIAN_POINT('',(-3.23523806377953,0.39512310934666,-12.0740728286139));
#1449=CARTESIAN_POINT('',(-3.23523806378324,1.18536862082991,-12.0352505414051));
#1450=CARTESIAN_POINT('',(-3.23523806378172,2.35932170782442,-11.861111068743));
#1451=CARTESIAN_POINT('',(-3.23523806378218,3.51055308495444,-11.5727426125455));
#1452=CARTESIAN_POINT('',(-3.23523806378205,4.62797595756298,-11.1729223186847));
#1453=CARTESIAN_POINT('',(-3.23523806378208,5.70082888087224,-10.6655006751542));
#1454=CARTESIAN_POINT('',(-3.23523806378204,6.71877970859434,-10.0553644297664));
#1455=CARTESIAN_POINT('',(-3.23523806378209,7.67202501408014,-9.3483895280985));
#1456=CARTESIAN_POINT('',(-3.23523806378203,8.55138452493493,-8.55138452492553));
#1457=CARTESIAN_POINT('',(-3.23523806378208,9.34838952809601,-7.67202501411519));
#1458=CARTESIAN_POINT('',(-3.23523806378207,10.055364429767,-6.71877970846347));
#1459=CARTESIAN_POINT('',(-3.23523806378203,10.6655006751541,-5.70082888136065));
#1460=CARTESIAN_POINT('',(-3.23523806378209,11.1729223186847,-4.62797595574024));
#1461=CARTESIAN_POINT('',(-3.23523806378204,11.5727426125455,-3.51055309175702));
#1462=CARTESIAN_POINT('',(-3.23523806378207,11.8611110687429,-2.35932168243673));
#1463=CARTESIAN_POINT('',(-3.23523806378205,12.0352505414054,-1.18536871557811));
#1464=CARTESIAN_POINT('',(-3.23523806378205,12.0934839722171,1.01293085056128E-14));
#1465=CARTESIAN_POINT('',(-3.23523806378207,12.0352505414054,1.18536871557807));
#1466=CARTESIAN_POINT('',(-3.23523806378205,11.8611110687429,2.35932168243677));
#1467=CARTESIAN_POINT('',(-3.23523806378204,11.5727426125455,3.51055309175701));
#1468=CARTESIAN_POINT('',(-3.23523806378207,11.1729223186847,4.62797595574025));
#1469=CARTESIAN_POINT('',(-3.23523806378207,10.6655006751541,5.70082888136063));
#1470=CARTESIAN_POINT('',(-3.23523806378208,10.0553644297671,6.71877970846347));
#1471=CARTESIAN_POINT('',(-3.23523806378201,9.34838952809601,7.67202501411522));
#1472=CARTESIAN_POINT('',(-3.23523806378203,8.55138452493492,8.55138452492553));
#1473=CARTESIAN_POINT('',(-3.23523806378209,7.67202501408014,9.3483895280985));
#1474=CARTESIAN_POINT('',(-3.23523806378205,6.71877970859434,10.0553644297664));
#1475=CARTESIAN_POINT('',(-3.23523806378203,5.70082888087224,10.6655006751543));
#1476=CARTESIAN_POINT('',(-3.2352380637822,4.62797595756299,11.1729223186846));
#1477=CARTESIAN_POINT('',(-3.23523806378193,3.51055308495444,11.5727426125455));
#1478=CARTESIAN_POINT('',(-3.23523806378215,2.35932170782441,11.8611110687429));
#1479=CARTESIAN_POINT('',(-3.23523806378214,1.18536862082992,12.0352505414054));
#1480=CARTESIAN_POINT('',(-3.23523806378208,0.39512310934665,12.0740728286132));
#1481=CARTESIAN_POINT('',(-3.23523806378208,-3.6966186605583E-16,12.0740728286132));
#1482=CARTESIAN_POINT('',(-10.68924887327,-4.36748206830698E-12,-5.91296576581831));
#1483=CARTESIAN_POINT('',(-10.68924887327,11.82593153162,-5.91296576581366));
#1484=CARTESIAN_POINT('',(-10.68924887327,11.8259315316219,5.9129657658107));
#1485=CARTESIAN_POINT('',(-10.68924887327,-2.45435297394302E-12,5.91296576581916));
#1486=CARTESIAN_POINT('',(-10.6289960227847,-4.33409120079859E-12,-5.98480850876527));
#1487=CARTESIAN_POINT('',(-10.6289960227847,11.9696170175138,-5.98480850876056));
#1488=CARTESIAN_POINT('',(-10.6289960227847,11.9696170175157,5.98480850875757));
#1489=CARTESIAN_POINT('',(-10.6289960227847,-2.40808755391843E-12,5.98480850876613));
#1490=CARTESIAN_POINT('',(-10.5083972921782,-4.26779004554404E-12,-6.12737125313176));
#1491=CARTESIAN_POINT('',(-10.5083972921782,12.2547425062465,-6.12737125312692));
#1492=CARTESIAN_POINT('',(-10.5083972921782,12.2547425062485,6.12737125312388));
#1493=CARTESIAN_POINT('',(-10.5083972921782,-2.31632074964762E-12,6.12737125313262));
#1494=CARTESIAN_POINT('',(-10.3278037682953,-4.16987872485886E-12,-6.33770622520359));
#1495=CARTESIAN_POINT('',(-10.3278037682953,12.6754124503898,-6.33770622519855));
#1496=CARTESIAN_POINT('',(-10.3278037682953,12.6754124503918,6.33770622519543));
#1497=CARTESIAN_POINT('',(-10.3278037682953,-2.18102032924472E-12,6.33770622520444));
#1498=CARTESIAN_POINT('',(-10.1780540684862,-4.08965732182779E-12,-6.50993915286204));
#1499=CARTESIAN_POINT('',(-10.1780540684862,13.0198783057064,-6.50993915285684));
#1500=CARTESIAN_POINT('',(-10.1780540684862,13.0198783057084,6.50993915285366));
#1501=CARTESIAN_POINT('',(-10.1780540684862,-2.07027572407132E-12,6.5099391528629));
#1502=CARTESIAN_POINT('',(-10.0589860172287,-4.02634416445695E-12,-6.6458340487316));
#1503=CARTESIAN_POINT('',(-10.0589860172287,13.2916680974453,-6.64583404872628));
#1504=CARTESIAN_POINT('',(-10.0589860172287,13.2916680974473,6.64583404872305));
#1505=CARTESIAN_POINT('',(-10.0589860172287,-1.9829130394625E-12,6.64583404873246));
#1506=CARTESIAN_POINT('',(-9.94052965600665,-3.96365427799228E-12,-6.78041909464919));
#1507=CARTESIAN_POINT('',(-9.94052965600665,13.5608381892802,-6.78041909464374));
#1508=CARTESIAN_POINT('',(-9.94052965600665,13.5608381892823,6.78041909464046));
#1509=CARTESIAN_POINT('',(-9.94052965600665,-1.89637928164957E-12,6.78041909465005));
#1510=CARTESIAN_POINT('',(-9.79355569838658,-3.8862214583587E-12,-6.94637264115508));
#1511=CARTESIAN_POINT('',(-9.79355569838658,13.8927452822917,-6.94637264114947));
#1512=CARTESIAN_POINT('',(-9.79355569838658,13.8927452822938,6.94637264114614));
#1513=CARTESIAN_POINT('',(-9.79355569838658,-1.78980784958036E-12,6.94637264115594));
#1514=CARTESIAN_POINT('',(-9.61753787051683,-3.79258417711426E-12,-7.14362840392025));
#1515=CARTESIAN_POINT('',(-9.61753787051684,14.2872568078217,-7.14362840391446));
#1516=CARTESIAN_POINT('',(-9.61753787051684,14.2872568078239,7.14362840391106));
#1517=CARTESIAN_POINT('',(-9.61753787051683,-1.66473363331769E-12,7.14362840392111));
#1518=CARTESIAN_POINT('',(-9.44055536746773,-3.69612564877631E-12,-7.34066777924833));
#1519=CARTESIAN_POINT('',(-9.44055536746773,14.6813355584775,-7.34066777924234));
#1520=CARTESIAN_POINT('',(-9.44055536746773,14.6813355584797,7.3406677792389));
#1521=CARTESIAN_POINT('',(-9.44055536746773,-1.54272032619447E-12,7.34066777924919));
#1522=CARTESIAN_POINT('',(-9.29115022480005,-3.61161731443749E-12,-7.50609878032469));
#1523=CARTESIAN_POINT('',(-9.29115022480005,15.01219756063,-7.50609878031854));
#1524=CARTESIAN_POINT('',(-9.29115022480005,15.0121975606321,7.50609878031506));
#1525=CARTESIAN_POINT('',(-9.29115022480005,-1.44380313618141E-12,7.50609878032555));
#1526=CARTESIAN_POINT('',(-9.16980763687969,-3.54047264548086E-12,-7.64002729466568));
#1527=CARTESIAN_POINT('',(-9.16980763687969,15.2800545893117,-7.64002729465938));
#1528=CARTESIAN_POINT('',(-9.16980763687969,15.2800545893139,7.64002729465589));
#1529=CARTESIAN_POINT('',(-9.16980763687969,-1.36645131810381E-12,7.64002729466654));
#1530=CARTESIAN_POINT('',(-9.07772532568741,-3.48508121201088E-12,-7.74147530582992));
#1531=CARTESIAN_POINT('',(-9.07772532568741,15.4829506116401,-7.74147530582352));
#1532=CARTESIAN_POINT('',(-9.07772532568741,15.4829506116422,7.74147530582002));
#1533=CARTESIAN_POINT('',(-9.07772532568741,-1.30935977184081E-12,7.74147530583078));
#1534=CARTESIAN_POINT('',(-8.98439784064433,-3.42738392742926E-12,-7.84414250454082));
#1535=CARTESIAN_POINT('',(-8.98439784064433,15.6882850090617,-7.8441425045343));
#1536=CARTESIAN_POINT('',(-8.98439784064433,15.6882850090639,7.84414250453081));
#1537=CARTESIAN_POINT('',(-8.98439784064433,-1.25322224112052E-12,7.84414250454168));
#1538=CARTESIAN_POINT('',(-8.88967008019229,-3.36714317802291E-12,-7.94821586818935));
#1539=CARTESIAN_POINT('',(-8.8896700801923,15.8964317363586,-7.94821586818271));
#1540=CARTESIAN_POINT('',(-8.8896700801923,15.8964317363607,7.94821586817923));
#1541=CARTESIAN_POINT('',(-8.88967008019229,-1.19806902717932E-12,7.94821586819021));
#1542=CARTESIAN_POINT('',(-8.79354343314074,-3.30449660072966E-12,-8.05355732213332));
#1543=CARTESIAN_POINT('',(-8.79354343314074,16.1071146442463,-8.05355732212655));
#1544=CARTESIAN_POINT('',(-8.79354343314074,16.1071146442485,8.05355732212309));
#1545=CARTESIAN_POINT('',(-8.79354343314074,-1.14391555868011E-12,8.05355732213417));
#1546=CARTESIAN_POINT('',(-8.66349705148204,-3.21790955707089E-12,-8.1955487499006));
#1547=CARTESIAN_POINT('',(-8.66349705148204,16.3910974997807,-8.19554874989366));
#1548=CARTESIAN_POINT('',(-8.66349705148204,16.3910974997828,8.19554874989023));
#1549=CARTESIAN_POINT('',(-8.66349705148204,-1.07306584795868E-12,8.19554874990146));
#1550=CARTESIAN_POINT('',(-8.49740256465832,-3.10423850598716E-12,-8.37561391781611));
#1551=CARTESIAN_POINT('',(-8.49740256465832,16.7512278356114,-8.37561391780894));
#1552=CARTESIAN_POINT('',(-8.49740256465832,16.7512278356135,8.37561391780556));
#1553=CARTESIAN_POINT('',(-8.49740256465832,-9.87084610844787E-13,8.37561391781697));
#1554=CARTESIAN_POINT('',(-8.29237421876816,-2.96007252807046E-12,-8.5948494518851));
#1555=CARTESIAN_POINT('',(-8.29237421876816,17.189698903749,-8.59484945187764));
#1556=CARTESIAN_POINT('',(-8.29237421876816,17.1896989037511,8.59484945187436));
#1557=CARTESIAN_POINT('',(-8.29237421876816,-8.88166427717237E-13,8.59484945188596));
#1558=CARTESIAN_POINT('',(-8.01130847503453,-2.75875718424974E-12,-8.8900863216314));
#1559=CARTESIAN_POINT('',(-8.01130847503453,17.7801726432412,-8.89008632162354));
#1560=CARTESIAN_POINT('',(-8.01130847503453,17.7801726432432,8.89008632162041));
#1561=CARTESIAN_POINT('',(-8.01130847503453,-7.62127662048822E-13,8.89008632163226));
#1562=CARTESIAN_POINT('',(-7.6454085325298,-2.49241128900563E-12,-9.2622004111735));
#1563=CARTESIAN_POINT('',(-7.6454085325298,18.5244008223248,-9.26220041116511));
#1564=CARTESIAN_POINT('',(-7.64540853252981,18.5244008223267,9.26220041116222));
#1565=CARTESIAN_POINT('',(-7.6454085325298,-6.1587652980229E-13,9.26220041117436));
#1566=CARTESIAN_POINT('',(-6.56545495005044,-1.70930151396067E-12,-10.2975607473783));
#1567=CARTESIAN_POINT('',(-6.56545495005045,20.5951214947329,-10.2975607473683));
#1568=CARTESIAN_POINT('',(-6.56545495005044,20.5951214947344,10.2975607473663));
#1569=CARTESIAN_POINT('',(-6.56545495005044,-2.50973310419736E-13,10.2975607473792));
#1570=CARTESIAN_POINT('',(-5.13757233206398,-7.46445936236349E-13,-11.3965829415488));
#1571=CARTESIAN_POINT('',(-5.13757233206398,22.7931658830725,-11.3965829415369));
#1572=CARTESIAN_POINT('',(-5.13757233206398,22.7931658830732,11.3965829415363));
#1573=CARTESIAN_POINT('',(-5.13757233206398,4.83644267390114E-15,11.3965829415497));
#1574=CARTESIAN_POINT('',(-3.67215981192229,-1.41698035898335E-13,-11.9569999990407));
#1575=CARTESIAN_POINT('',(-3.67215981192229,23.9139999980557,-11.9569999990276));
#1576=CARTESIAN_POINT('',(-3.67215981192229,23.9139999980558,11.9569999990282));
#1577=CARTESIAN_POINT('',(-3.67215981192229,2.16813402319323E-14,11.9569999990416));
#1578=CARTESIAN_POINT('',(-3.235238063782,1.65313457572419E-15,-12.0740728286102));
#1579=CARTESIAN_POINT('',(-3.235238063782,24.1481456571945,-12.0740728285968));
#1580=CARTESIAN_POINT('',(-3.235238063782,24.1481456571945,12.0740728285977));
#1581=CARTESIAN_POINT('',(-3.235238063782,8.21240717233021E-15,12.0740728286111));
#1582=CARTESIAN_POINT('',(-3.23523806458219,3.30336094919696E-14,-12.0740728283958));
#1583=CARTESIAN_POINT('',(-3.67215981253864,2.61580263508924E-13,-11.9569999988171));
#1584=CARTESIAN_POINT('',(-4.30019374948724,5.42937832384531E-13,-11.7168212599352));
#1585=CARTESIAN_POINT('',(-5.08467064296623,7.9579350876927E-13,-11.2983231799594));
#1586=CARTESIAN_POINT('',(-5.64702638872059,9.27166126248498E-13,-10.9430395461522));
#1587=CARTESIAN_POINT('',(-6.18382913036276,1.00322889072457E-12,-10.5540656453486));
#1588=CARTESIAN_POINT('',(-6.69552778799103,1.03180895168187E-12,-10.1391212846775));
#1589=CARTESIAN_POINT('',(-7.18257128224333,1.01183559670421E-12,-9.70592627014713));
#1590=CARTESIAN_POINT('',(-7.64540853174347,9.62303557263091E-13,-9.2622004119488));
#1591=CARTESIAN_POINT('',(-8.01130847415062,8.97162556512012E-13,-8.89008632254322));
#1592=CARTESIAN_POINT('',(-8.29237421781433,8.30660279084312E-13,-8.5948494528962));
#1593=CARTESIAN_POINT('',(-8.49740256365607,8.04462490350322E-13,-8.37561391889561));
#1594=CARTESIAN_POINT('',(-8.66349705044272,7.38453952694992E-13,-8.19554875103118));
#1595=CARTESIAN_POINT('',(-8.79354343207371,7.2921758976689E-13,-8.05355732330065));
#1596=CARTESIAN_POINT('',(-8.88967007910543,6.86253478322613E-13,-7.94821586938215));
#1597=CARTESIAN_POINT('',(-8.98439783953872,6.80116203385395E-13,-7.84414250575642));
#1598=CARTESIAN_POINT('',(-9.07772532456341,6.53384634245022E-13,-7.7414753070672));
#1599=CARTESIAN_POINT('',(-9.16980763573586,6.35172404384876E-13,-7.64002729592694));
#1600=CARTESIAN_POINT('',(-9.29115022362817,5.92365533584359E-13,-7.50609878162023));
#1601=CARTESIAN_POINT('',(-9.44055536625707,5.73088264516956E-13,-7.34066778059213));
#1602=CARTESIAN_POINT('',(-9.61753786925228,5.22611359801758E-13,-7.14362840533234));
#1603=CARTESIAN_POINT('',(-9.79355569705928,4.7218685238746E-13,-6.94637264264774));
#1604=CARTESIAN_POINT('',(-9.94052965461844,4.18575245940942E-13,-6.78041909622079));
#1605=CARTESIAN_POINT('',(-10.0589860157858,3.73724487741069E-13,-6.64583405037436));
#1606=CARTESIAN_POINT('',(-10.1780540669907,3.08598907685918E-13,-6.50993915457584));
#1607=CARTESIAN_POINT('',(-10.3278037667359,2.48845975852912E-13,-6.33770622700739));
#1608=CARTESIAN_POINT('',(-10.5083972905465,1.41426237698279E-13,-6.12737125504513));
#1609=CARTESIAN_POINT('',(-10.6289960211087,6.43530592035211E-14,-5.98480851075213));
#1610=CARTESIAN_POINT('',(-10.6892488715726,2.31877560763212E-14,-5.91296576784225));
#1611=CARTESIAN_POINT('',(-3.23523806458205,1.5935155743625E-14,12.0740728283976));
#1612=CARTESIAN_POINT('',(-3.67215981253845,-1.0746534814697E-13,11.9569999988186));
#1613=CARTESIAN_POINT('',(-4.30019374948698,-2.83759035081815E-13,11.7168212599365));
#1614=CARTESIAN_POINT('',(-5.08467064296588,-4.68649536869069E-13,11.2983231799606));
#1615=CARTESIAN_POINT('',(-5.64702638872017,-5.83199891851382E-13,10.9430395461533));
#1616=CARTESIAN_POINT('',(-6.18382913036229,-6.78729100367048E-13,10.5540656453497));
#1617=CARTESIAN_POINT('',(-6.69552778799052,-7.43223178839731E-13,10.1391212846787));
#1618=CARTESIAN_POINT('',(-7.18257128224278,-7.97005131935144E-13,9.70592627014846));
#1619=CARTESIAN_POINT('',(-7.64540853174287,-8.12109216037032E-13,9.26220041195024));
#1620=CARTESIAN_POINT('',(-8.01130847415001,-7.96593202654631E-13,8.89008632254474));
#1621=CARTESIAN_POINT('',(-8.2923742178137,-7.81390480709669E-13,8.59484945289778));
#1622=CARTESIAN_POINT('',(-8.49740256365543,-7.64929146921809E-13,8.37561391889721));
#1623=CARTESIAN_POINT('',(-8.66349705044207,-7.31502451810382E-13,8.19554875103282));
#1624=CARTESIAN_POINT('',(-8.79354343207306,-7.0921966319199E-13,8.05355732330228));
#1625=CARTESIAN_POINT('',(-8.88967007910477,-6.92014845527734E-13,7.94821586938378));
#1626=CARTESIAN_POINT('',(-8.98439783953807,-6.74785138065273E-13,7.84414250575805));
#1627=CARTESIAN_POINT('',(-9.07772532456273,-6.42040297408875E-13,7.74147530706883));
#1628=CARTESIAN_POINT('',(-9.16980763573519,-6.23108422776777E-13,7.64002729592856));
#1629=CARTESIAN_POINT('',(-9.29115022362748,-5.88021361371509E-13,7.50609878162186));
#1630=CARTESIAN_POINT('',(-9.44055536625639,-5.46907056317883E-13,7.34066778059377));
#1631=CARTESIAN_POINT('',(-9.61753786925157,-4.75224039922707E-13,7.14362840533405));
#1632=CARTESIAN_POINT('',(-9.79355569705855,-4.20552861298154E-13,6.94637264264959));
#1633=CARTESIAN_POINT('',(-9.94052965461768,-3.44561172393291E-13,6.78041909622282));
#1634=CARTESIAN_POINT('',(-10.0589860157851,-3.14200893097099E-13,6.64583405037662));
#1635=CARTESIAN_POINT('',(-10.1780540669899,-2.4884302318769E-13,6.50993915457829));
#1636=CARTESIAN_POINT('',(-10.3278037667351,-1.91490411298969E-13,6.33770622700991));
#1637=CARTESIAN_POINT('',(-10.5083972905457,-1.11060207957056E-13,6.12737125504687));
#1638=CARTESIAN_POINT('',(-10.6289960211078,-4.74446119998529E-14,5.98480851075243));
#1639=CARTESIAN_POINT('',(-10.6892488715717,-1.75176885799646E-14,5.91296576784152));
#1640=CARTESIAN_POINT('',(-10.68924887327,1.15387117512101E-12,5.91296576581653));
#1641=CARTESIAN_POINT('',(-10.68924887327,-11.8259315316236,5.91296576581111));
#1642=CARTESIAN_POINT('',(-10.68924887327,-11.8259315316217,-5.91296576581361));
#1643=CARTESIAN_POINT('',(-10.68924887327,3.02607905162573E-12,-5.91296576581529));
#1644=CARTESIAN_POINT('',(-10.6289960227847,1.12832663135012E-12,5.98480850876457));
#1645=CARTESIAN_POINT('',(-10.6289960227847,-11.9696170175196,5.98480850875909));
#1646=CARTESIAN_POINT('',(-10.6289960227847,-11.9696170175177,-5.98480850876162));
#1647=CARTESIAN_POINT('',(-10.6289960227847,3.0084661553324E-12,-5.98480850876333));
#1648=CARTESIAN_POINT('',(-10.5083972921778,1.07773216289102E-12,6.1273712531329));
#1649=CARTESIAN_POINT('',(-10.5083972921778,-12.2547425062561,6.12737125312733));
#1650=CARTESIAN_POINT('',(-10.5083972921778,-12.2547425062542,-6.12737125312988));
#1651=CARTESIAN_POINT('',(-10.5083972921778,2.97341996378077E-12,-6.12737125313166));
#1652=CARTESIAN_POINT('',(-10.3278037682952,1.00328533551671E-12,6.33770622520538));
#1653=CARTESIAN_POINT('',(-10.3278037682952,-12.6754124504009,6.33770622519965));
#1654=CARTESIAN_POINT('',(-10.3278037682952,-12.675412450399,-6.33770622520225));
#1655=CARTESIAN_POINT('',(-10.3278037682952,2.9215132204012E-12,-6.33770622520414));
#1656=CARTESIAN_POINT('',(-10.178054068486,9.42415945656008E-13,6.50993915286384));
#1657=CARTESIAN_POINT('',(-10.178054068486,-13.0198783057177,6.50993915285799));
#1658=CARTESIAN_POINT('',(-10.178054068486,-13.0198783057157,-6.50993915286063));
#1659=CARTESIAN_POINT('',(-10.178054068486,2.878917483816E-12,-6.5099391528626));
#1660=CARTESIAN_POINT('',(-10.0589860172285,8.94405639870209E-13,6.64583404873321));
#1661=CARTESIAN_POINT('',(-10.0589860172285,-13.2916680974563,6.64583404872727));
#1662=CARTESIAN_POINT('',(-10.0589860172285,-13.2916680974543,-6.64583404872993));
#1663=CARTESIAN_POINT('',(-10.0589860172285,2.84529172634946E-12,-6.64583404873197));
#1664=CARTESIAN_POINT('',(-9.94052965600644,8.46834652671495E-13,6.78041909465061));
#1665=CARTESIAN_POINT('',(-9.94052965600645,-13.560838189291,6.78041909464457));
#1666=CARTESIAN_POINT('',(-9.94052965600645,-13.560838189289,-6.78041909464726));
#1667=CARTESIAN_POINT('',(-9.94052965600644,2.81201339437454E-12,-6.78041909464937));
#1668=CARTESIAN_POINT('',(-9.79355569838639,7.88278609784348E-13,6.94637264115632));
#1669=CARTESIAN_POINT('',(-9.79355569838639,-13.8927452823023,6.94637264115017));
#1670=CARTESIAN_POINT('',(-9.79355569838639,-13.8927452823003,-6.9463726411529));
#1671=CARTESIAN_POINT('',(-9.79355569838639,2.77087590272352E-12,-6.94637264115508));
#1672=CARTESIAN_POINT('',(-9.61753787051664,7.20245326000749E-13,7.14362840392138));
#1673=CARTESIAN_POINT('',(-9.61753787051664,-14.2872568078322,7.14362840391509));
#1674=CARTESIAN_POINT('',(-9.61753787051664,-14.2872568078302,-7.14362840391786));
#1675=CARTESIAN_POINT('',(-9.61753787051664,2.7204111232636E-12,-7.14362840392015));
#1676=CARTESIAN_POINT('',(-9.44055536746755,6.55191398322328E-13,7.34066777924941));
#1677=CARTESIAN_POINT('',(-9.44055536746755,-14.6813355584881,7.34066777924299));
#1678=CARTESIAN_POINT('',(-9.44055536746755,-14.6813355584861,-7.34066777924577));
#1679=CARTESIAN_POINT('',(-9.44055536746755,2.6670967166915E-12,-7.34066777924817));
#1680=CARTESIAN_POINT('',(-9.29115022479987,6.04091748249076E-13,7.50609878032576));
#1681=CARTESIAN_POINT('',(-9.29115022479987,-15.0121975606407,7.50609878031924));
#1682=CARTESIAN_POINT('',(-9.29115022479987,-15.0121975606387,-7.50609878032203));
#1683=CARTESIAN_POINT('',(-9.29115022479987,2.61881608661318E-12,-7.50609878032453));
#1684=CARTESIAN_POINT('',(-9.16980763687951,5.65455628345525E-13,7.64002729466676));
#1685=CARTESIAN_POINT('',(-9.16980763687951,-15.2800545893225,7.64002729466016));
#1686=CARTESIAN_POINT('',(-9.16980763687951,-15.2800545893205,-7.64002729466295));
#1687=CARTESIAN_POINT('',(-9.16980763687951,2.57699650156042E-12,-7.64002729466552));
#1688=CARTESIAN_POINT('',(-9.07772532568723,5.37693983913062E-13,7.74147530583102));
#1689=CARTESIAN_POINT('',(-9.07772532568723,-15.482950611651,7.74147530582436));
#1690=CARTESIAN_POINT('',(-9.07772532568723,-15.4829506116489,-7.74147530582713));
#1691=CARTESIAN_POINT('',(-9.07772532568723,2.54381461664381E-12,-7.74147530582978));
#1692=CARTESIAN_POINT('',(-8.98439784064415,5.1124407177354E-13,7.84414250454192));
#1693=CARTESIAN_POINT('',(-8.98439784064415,-15.6882850090727,7.84414250453521));
#1694=CARTESIAN_POINT('',(-8.98439784064415,-15.6882850090707,-7.84414250453796));
#1695=CARTESIAN_POINT('',(-8.98439784064415,2.50858855753649E-12,-7.84414250454068));
#1696=CARTESIAN_POINT('',(-8.88967008019213,4.86191764360132E-13,7.94821586819045));
#1697=CARTESIAN_POINT('',(-8.88967008019213,-15.8964317363696,7.94821586818369));
#1698=CARTESIAN_POINT('',(-8.88967008019213,-15.8964317363676,-7.94821586818642));
#1699=CARTESIAN_POINT('',(-8.88967008019213,2.47112013095886E-12,-7.94821586818921));
#1700=CARTESIAN_POINT('',(-8.79354343314056,4.62512212408785E-13,8.05355732213442));
#1701=CARTESIAN_POINT('',(-8.79354343314056,-16.1071146442575,8.05355732212762));
#1702=CARTESIAN_POINT('',(-8.79354343314056,-16.1071146442555,-8.05355732213032));
#1703=CARTESIAN_POINT('',(-8.79354343314056,2.43151710460285E-12,-8.05355732213319));
#1704=CARTESIAN_POINT('',(-8.66349705148187,4.32746722709152E-13,8.19554874990171));
#1705=CARTESIAN_POINT('',(-8.66349705148187,-16.3910974997919,8.19554874989484));
#1706=CARTESIAN_POINT('',(-8.66349705148187,-16.39109749979,-8.19554874989749));
#1707=CARTESIAN_POINT('',(-8.66349705148187,2.37598288886357E-12,-8.19554874990047));
#1708=CARTESIAN_POINT('',(-8.49740256465815,3.98880214445902E-13,8.3756139178172));
#1709=CARTESIAN_POINT('',(-8.49740256465816,-16.7512278356227,8.37561391781027));
#1710=CARTESIAN_POINT('',(-8.49740256465816,-16.7512278356208,-8.37561391781284));
#1711=CARTESIAN_POINT('',(-8.49740256465815,2.30167706680264E-12,-8.37561391781596));
#1712=CARTESIAN_POINT('',(-8.29237421876799,3.63434041630035E-13,8.59484945188618));
#1713=CARTESIAN_POINT('',(-8.29237421876799,-17.1896989037604,8.59484945187918));
#1714=CARTESIAN_POINT('',(-8.29237421876799,-17.1896989037586,-8.59484945188163));
#1715=CARTESIAN_POINT('',(-8.29237421876799,2.20541907312381E-12,-8.59484945188495));
#1716=CARTESIAN_POINT('',(-8.01130847503438,3.22895573634141E-13,8.89008632163244));
#1717=CARTESIAN_POINT('',(-8.01130847503438,-17.7801726432526,8.89008632162536));
#1718=CARTESIAN_POINT('',(-8.01130847503438,-17.7801726432509,-8.89008632162761));
#1719=CARTESIAN_POINT('',(-8.01130847503438,2.06859499701623E-12,-8.89008632163121));
#1720=CARTESIAN_POINT('',(-7.64540853252966,2.84450257934103E-13,9.26220041117451));
#1721=CARTESIAN_POINT('',(-7.64540853252966,-18.5244008223364,9.26220041116735));
#1722=CARTESIAN_POINT('',(-7.64540853252966,-18.5244008223348,-9.26220041116931));
#1723=CARTESIAN_POINT('',(-7.64540853252966,1.88349140391232E-12,-9.26220041117327));
#1724=CARTESIAN_POINT('',(-6.56545495005028,2.19630640541358E-13,10.2975607473792));
#1725=CARTESIAN_POINT('',(-6.56545495005029,-20.5951214947445,10.2975607473719));
#1726=CARTESIAN_POINT('',(-6.56545495005029,-20.5951214947434,-10.2975607473728));
#1727=CARTESIAN_POINT('',(-6.56545495005028,1.32630047941352E-12,-10.2975607473779));
#1728=CARTESIAN_POINT('',(-5.13757233206391,2.82708470494356E-13,11.3965829415496));
#1729=CARTESIAN_POINT('',(-5.13757233206392,-22.793165883084,11.3965829415424));
#1730=CARTESIAN_POINT('',(-5.13757233206392,-22.7931658830837,-11.3965829415418));
#1731=CARTESIAN_POINT('',(-5.13757233206391,6.02902417745107E-13,-11.3965829415484));
#1732=CARTESIAN_POINT('',(-3.67215981192227,4.28513282933894E-13,11.9569999990422));
#1733=CARTESIAN_POINT('',(-3.67215981192227,-23.9139999980684,11.9569999990353));
#1734=CARTESIAN_POINT('',(-3.67215981192227,-23.9139999980687,-11.9569999990335));
#1735=CARTESIAN_POINT('',(-3.67215981192227,1.20217999884923E-13,-11.956999999041));
#1736=CARTESIAN_POINT('',(-3.235238063782,4.75955512031482E-13,12.0740728286119));
#1737=CARTESIAN_POINT('',(-3.235238063782,-24.1481456572077,12.0740728286052));
#1738=CARTESIAN_POINT('',(-3.235238063782,-24.1481456572081,-12.074072828603));
#1739=CARTESIAN_POINT('',(-3.235238063782,2.37098612563364E-15,-12.0740728286107));
#1740=MECHANICAL_DESIGN_GEOMETRIC_PRESENTATION_REPRESENTATION('',(#238),
#1741);
#1741=(
GEOMETRIC_REPRESENTATION_CONTEXT(3)
GLOBAL_UNCERTAINTY_ASSIGNED_CONTEXT((#1742))
GLOBAL_UNIT_ASSIGNED_CONTEXT((#1745,#1744,#1743))
REPRESENTATION_CONTEXT('Open CASCADE STEP translator 7.5 1.1',
'TOP_LEVEL_ASSEMBLY_PART')
);
#1742=UNCERTAINTY_MEASURE_WITH_UNIT(LENGTH_MEASURE(0.0002),#1745,
'DISTANCE_ACCURACY_VALUE','Maximum Tolerance applied to model');
#1743=(
NAMED_UNIT(*)
SI_UNIT($,.STERADIAN.)
SOLID_ANGLE_UNIT()
);
#1744=(
NAMED_UNIT(*)
PLANE_ANGLE_UNIT()
SI_UNIT($,.RADIAN.)
);
#1745=(
LENGTH_UNIT()
NAMED_UNIT(*)
SI_UNIT($,.METRE.)
);
#1746=PRODUCT_DEFINITION_SHAPE('','',#1747);
#1747=PRODUCT_DEFINITION('','',#1749,#1748);
#1748=PRODUCT_DEFINITION_CONTEXT('',#1755,'design');
#1749=PRODUCT_DEFINITION_FORMATION_WITH_SPECIFIED_SOURCE('','',#1751,
 .NOT_KNOWN.);
#1750=PRODUCT_RELATED_PRODUCT_CATEGORY('','',(#1751));
#1751=PRODUCT('Open CASCADE STEP translator 7.5 1.1',
'Open CASCADE STEP translator 7.5 1.1',
'Open CASCADE STEP translator 7.5 1.1',(#1753));
#1752=PRODUCT_CATEGORY('','');
#1753=PRODUCT_CONTEXT('',#1755,'mechanical');
#1754=APPLICATION_PROTOCOL_DEFINITION('international standard',
'ap242_managed_model_based_3d_engineering',2020,#1755);
#1755=APPLICATION_CONTEXT('managed model based 3d engineering');
ENDSEC;
END-ISO-10303-21;
